テスト太郎,25
テスト太郎,25
テスト太郎,25
テスト太郎,25
テスト太郎,25
テスト太郎,25
テスト太郎,25
テスト太郎,25
テスト太郎,25
テスト太郎,25
テスト太郎,25
テスト太郎,25
テスト太郎,25
テスト太郎,25
テスト太郎,25
テスト太郎,25
テスト太郎,25
テスト太郎,25
テスト太郎,25
テスト太郎,25
テスト太郎,25
テスト太郎,25
テスト太郎,25
テスト太郎,25
テスト太郎,25
テスト太郎,25
テスト太郎,25
テスト太郎,25
テスト太郎,25
テスト太郎,25
テスト太郎,25
テスト太郎,25
テスト太郎,25
テスト太郎,25
テスト太郎,25
テスト太郎,25
テスト太郎,25
テスト太郎,25
テスト太郎,25
テスト太郎,25
テスト太郎,25
テスト太郎,25
テスト太郎,25
テスト太郎,25
テスト太郎,25
テスト太郎,25
テスト太郎,25
テスト太郎,25
テスト太郎,25
テスト太郎,25
テスト太郎,25
テスト太郎,25
テスト太郎,25
テスト太郎,25
テスト太郎,25
テスト太郎,25
テスト太郎,25
テスト太郎,25
テスト太郎,25
テスト太郎,25
テスト太郎,25
テスト太郎,25
テスト太郎,25
テスト太郎,25
テスト太郎,25
テスト太郎,25
テスト太郎,25
テスト太郎,25
テスト太郎,25
テスト太郎,25
テスト太郎,25
テスト太郎,25
テスト太郎,25
テスト太郎,25
テスト太郎,25
テスト太郎,25
テスト太郎,25
テスト太郎,25
テスト太郎,25
テスト太郎,25
テスト太郎,25
テスト太郎,25
テスト太郎,25
テスト太郎,25
テスト太郎,25
テスト太郎,25
テスト太郎,25
テスト太郎,25
テスト太郎,25
テスト太郎,25
テスト太郎,25
テスト太郎,25
テスト太郎,25
テスト太郎,25
テスト太郎,25
テスト太郎,25
テスト太郎,25
テスト太郎,25
テスト太郎,25
テスト太郎,25
テスト太郎,25
テスト太郎,25
テスト太郎,25
テスト太郎,25
テスト太郎,25
テスト太郎,25
テスト太郎,25
テスト太郎,25
テスト太郎,25
テスト太郎,25
テスト太郎,25
テスト太郎,25
テスト太郎,25
テスト太郎,25
テスト太郎,25
テスト太郎,25
テスト太郎,25
テスト太郎,25
テスト太郎,25
テスト太郎,25
テスト太郎,25
テスト太郎,25
テスト太郎,25
テスト太郎,25
テスト太郎,25
テスト太郎,25
テスト太郎,25
テスト太郎,25
テスト太郎,25
テスト太郎,25
テスト太郎,25
テスト太郎,25
テスト太郎,25
テスト太郎,25
テスト太郎,25
テスト太郎,25
テスト太郎,25
テスト太郎,25
テスト太郎,25
テスト太郎,25
テスト太郎,25
テスト太郎,25
テスト太郎,25
テスト太郎,25
テスト太郎,25
テスト太郎,25
テスト太郎,25
テスト太郎,25
テスト太郎,25
テスト太郎,25
テスト太郎,25
テスト太郎,25
テスト太郎,25
テスト太郎,25
テスト太郎,25
テスト太郎,25
テスト太郎,25
テスト太郎,25
テスト太郎,25
テスト太郎,25
テスト太郎,25
テスト太郎,25
テスト太郎,25
テスト太郎,25
テスト太郎,25
テスト太郎,25
テスト太郎,25
テスト太郎,25
テスト太郎,25
テスト太郎,25
テスト太郎,25
テスト太郎,25
テスト太郎,25
テスト太郎,25
テスト太郎,25
テスト太郎,25
テスト太郎,25
テスト太郎,25
テスト太郎,25
テスト太郎,25
テスト太郎,25
テスト太郎,25
テスト太郎,25
テスト太郎,25
テスト太郎,25
テスト太郎,25
テスト太郎,25
テスト太郎,25
テスト太郎,25
テスト太郎,25
テスト太郎,25
テスト太郎,25
テスト太郎,25
テスト太郎,25
テスト太郎,25
テスト太郎,25
テスト太郎,25
テスト太郎,25
テスト太郎,25
テスト太郎,25
テスト太郎,25
テスト太郎,25
テスト太郎,25
テスト太郎,25
テスト太郎,25
テスト太郎,25
テスト太郎,25
テスト太郎,25
テスト太郎,25
テスト太郎,25
テスト太郎,25
テスト太郎,25
テスト太郎,25
テスト太郎,25
テスト太郎,25
テスト太郎,25
テスト太郎,25
テスト太郎,25
テスト太郎,25
テスト太郎,25
テスト太郎,25
テスト太郎,25
テスト太郎,25
テスト太郎,25
テスト太郎,25
テスト太郎,25
テスト太郎,25
テスト太郎,25
テスト太郎,25
テスト太郎,25
テスト太郎,25
テスト太郎,25
テスト太郎,25
テスト太郎,25
テスト太郎,25
テスト太郎,25
テスト太郎,25
テスト太郎,25
テスト太郎,25
テスト太郎,25
テスト太郎,25
テスト太郎,25
テスト太郎,25
テスト太郎,25
テスト太郎,25
テスト太郎,25
テスト太郎,25
テスト太郎,25
テスト太郎,25
テスト太郎,25
テスト太郎,25
テスト太郎,25
テスト太郎,25
テスト太郎,25
テスト太郎,25
テスト太郎,25
テスト太郎,25
テスト太郎,25
テスト太郎,25
テスト太郎,25
テスト太郎,25
テスト太郎,25
テスト太郎,25
テスト太郎,25
テスト太郎,25
テスト太郎,25
テスト太郎,25
テスト太郎,25
テスト太郎,25
テスト太郎,25
テスト太郎,25
テスト太郎,25
テスト太郎,25
テスト太郎,25
テスト太郎,25
テスト太郎,25
テスト太郎,25
テスト太郎,25
テスト太郎,25
テスト太郎,25
テスト太郎,25
テスト太郎,25
テスト太郎,25
テスト太郎,25
テスト太郎,25
テスト太郎,25
テスト太郎,25
テスト太郎,25
テスト太郎,25
テスト太郎,25
テスト太郎,25
テスト太郎,25
テスト太郎,25
テスト太郎,25
テスト太郎,25
テスト太郎,25
テスト太郎,25
テスト太郎,25
テスト太郎,25
テスト太郎,25
テスト太郎,25
テスト太郎,25
テスト太郎,25
テスト太郎,25
テスト太郎,25
テスト太郎,25
テスト太郎,25
テスト太郎,25
テスト太郎,25
テスト太郎,25
テスト太郎,25
テスト太郎,25
テスト太郎,25
テスト太郎,25
テスト太郎,25
テスト太郎,25
テスト太郎,25
テスト太郎,25
テスト太郎,25
テスト太郎,25
テスト太郎,25
テスト太郎,25
テスト太郎,25
テスト太郎,25
テスト太郎,25
テスト太郎,25
テスト太郎,25
テスト太郎,25
テスト太郎,25
テスト太郎,25
テスト太郎,25
テスト太郎,25
テスト太郎,25
テスト太郎,25
テスト太郎,25
テスト太郎,25
テスト太郎,25
テスト太郎,25
テスト太郎,25
テスト太郎,25
テスト太郎,25
テスト太郎,25
テスト太郎,25
テスト太郎,25
テスト太郎,25
テスト太郎,25
テスト太郎,25
テスト太郎,25
テスト太郎,25
テスト太郎,25
テスト太郎,25
テスト太郎,25
テスト太郎,25
テスト太郎,25
テスト太郎,25
テスト太郎,25
テスト太郎,25
テスト太郎,25
テスト太郎,25
テスト太郎,25
テスト太郎,25
テスト太郎,25
テスト太郎,25
テスト太郎,25
テスト太郎,25
テスト太郎,25
テスト太郎,25
テスト太郎,25
テスト太郎,25
テスト太郎,25
テスト太郎,25
テスト太郎,25
テスト太郎,25
テスト太郎,25
テスト太郎,25
テスト太郎,25
テスト太郎,25
テスト太郎,25
テスト太郎,25
テスト太郎,25
テスト太郎,25
テスト太郎,25
テスト太郎,25
テスト太郎,25
テスト太郎,25
テスト太郎,25
テスト太郎,25
テスト太郎,25
テスト太郎,25
テスト太郎,25
テスト太郎,25
テスト太郎,25
テスト太郎,25
テスト太郎,25
テスト太郎,25
テスト太郎,25
テスト太郎,25
テスト太郎,25
テスト太郎,25
テスト太郎,25
テスト太郎,25
テスト太郎,25
テスト太郎,25
テスト太郎,25
テスト太郎,25
テスト太郎,25
テスト太郎,25
テスト太郎,25
テスト太郎,25
テスト太郎,25
テスト太郎,25
テスト太郎,25
テスト太郎,25
テスト太郎,25
テスト太郎,25
テスト太郎,25
テスト太郎,25
テスト太郎,25
テスト太郎,25
テスト太郎,25
テスト太郎,25
テスト太郎,25
テスト太郎,25
テスト太郎,25
テスト太郎,25
テスト太郎,25
テスト太郎,25
テスト太郎,25
テスト太郎,25
テスト太郎,25
テスト太郎,25
テスト太郎,25
テスト太郎,25
テスト太郎,25
テスト太郎,25
テスト太郎,25
テスト太郎,25
テスト太郎,25
テスト太郎,25
テスト太郎,25
テスト太郎,25
テスト太郎,25
テスト太郎,25
テスト太郎,25
テスト太郎,25
テスト太郎,25
テスト太郎,25
テスト太郎,25
テスト太郎,25
テスト太郎,25
テスト太郎,25
テスト太郎,25
テスト太郎,25
テスト太郎,25
テスト太郎,25
テスト太郎,25
テスト太郎,25
テスト太郎,25
テスト太郎,25
テスト太郎,25
テスト太郎,25
テスト太郎,25
テスト太郎,25
テスト太郎,25
テスト太郎,25
テスト太郎,25
テスト太郎,25
テスト太郎,25
テスト太郎,25
テスト太郎,25
テスト太郎,25
テスト太郎,25
テスト太郎,25
テスト太郎,25
テスト太郎,25
テスト太郎,25
テスト太郎,25
テスト太郎,25
テスト太郎,25
テスト太郎,25
テスト太郎,25
テスト太郎,25
テスト太郎,25
テスト太郎,25
テスト太郎,25
テスト太郎,25
テスト太郎,25
テスト太郎,25
テスト太郎,25
テスト太郎,25
テスト太郎,25
テスト太郎,25
テスト太郎,25
テスト太郎,25
テスト太郎,25
テスト太郎,25
テスト太郎,25
テスト太郎,25
テスト太郎,25
テスト太郎,25
テスト太郎,25
テスト太郎,25
テスト太郎,25
テスト太郎,25
テスト太郎,25
テスト太郎,25
テスト太郎,25
テスト太郎,25
テスト太郎,25
テスト太郎,25
テスト太郎,25
テスト太郎,25
テスト太郎,25
テスト太郎,25
テスト太郎,25
テスト太郎,25
テスト太郎,25
テスト太郎,25
テスト太郎,25
テスト太郎,25
テスト太郎,25
テスト太郎,25
テスト太郎,25
テスト太郎,25
テスト太郎,25
テスト太郎,25
テスト太郎,25
テスト太郎,25
テスト太郎,25
テスト太郎,25
テスト太郎,25
テスト太郎,25
テスト太郎,25
テスト太郎,25
テスト太郎,25
テスト太郎,25
テスト太郎,25
テスト太郎,25
テスト太郎,25
テスト太郎,25
テスト太郎,25
テスト太郎,25
テスト太郎,25
テスト太郎,25
テスト太郎,25
テスト太郎,25
テスト太郎,25
テスト太郎,25
テスト太郎,25
テスト太郎,25
テスト太郎,25
テスト太郎,25
テスト太郎,25
テスト太郎,25
テスト太郎,25
テスト太郎,25
テスト太郎,25
テスト太郎,25
テスト太郎,25
テスト太郎,25
テスト太郎,25
テスト太郎,25
テスト太郎,25
テスト太郎,25
テスト太郎,25
テスト太郎,25
テスト太郎,25
テスト太郎,25
テスト太郎,25
テスト太郎,25
テスト太郎,25
テスト太郎,25
テスト太郎,25
テスト太郎,25
テスト太郎,25
テスト太郎,25
テスト太郎,25
テスト太郎,25
テスト太郎,25
テスト太郎,25
テスト太郎,25
テスト太郎,25
テスト太郎,25
テスト太郎,25
テスト太郎,25
テスト太郎,25
テスト太郎,25
テスト太郎,25
テスト太郎,25
テスト太郎,25
テスト太郎,25
テスト太郎,25
テスト太郎,25
テスト太郎,25
テスト太郎,25
テスト太郎,25
テスト太郎,25
テスト太郎,25
テスト太郎,25
テスト太郎,25
テスト太郎,25
テスト太郎,25
テスト太郎,25
テスト太郎,25
テスト太郎,25
テスト太郎,25
テスト太郎,25
テスト太郎,25
テスト太郎,25
テスト太郎,25
テスト太郎,25
テスト太郎,25
テスト太郎,25
テスト太郎,25
テスト太郎,25
テスト太郎,25
テスト太郎,25
テスト太郎,25
テスト太郎,25
テスト太郎,25
テスト太郎,25
テスト太郎,25
テスト太郎,25
テスト太郎,25
テスト太郎,25
テスト太郎,25
テスト太郎,25
テスト太郎,25
テスト太郎,25
テスト太郎,25
テスト太郎,25
テスト太郎,25
テスト太郎,25
テスト太郎,25
テスト太郎,25
テスト太郎,25
テスト太郎,25
テスト太郎,25
テスト太郎,25
テスト太郎,25
テスト太郎,25
テスト太郎,25
テスト太郎,25
テスト太郎,25
テスト太郎,25
テスト太郎,25
テスト太郎,25
テスト太郎,25
テスト太郎,25
テスト太郎,25
テスト太郎,25
テスト太郎,25
テスト太郎,25
テスト太郎,25
テスト太郎,25
テスト太郎,25
テスト太郎,25
テスト太郎,25
テスト太郎,25
テスト太郎,25
テスト太郎,25
テスト太郎,25
テスト太郎,25
テスト太郎,25
テスト太郎,25
テスト太郎,25
テスト太郎,25
テスト太郎,25
テスト太郎,25
テスト太郎,25
テスト太郎,25
テスト太郎,25
テスト太郎,25
テスト太郎,25
テスト太郎,25
テスト太郎,25
テスト太郎,25
テスト太郎,25
テスト太郎,25
テスト太郎,25
テスト太郎,25
テスト太郎,25
テスト太郎,25
テスト太郎,25
テスト太郎,25
テスト太郎,25
テスト太郎,25
テスト太郎,25
テスト太郎,25
テスト太郎,25
テスト太郎,25
テスト太郎,25
テスト太郎,25
テスト太郎,25
テスト太郎,25
テスト太郎,25
テスト太郎,25
テスト太郎,25
テスト太郎,25
テスト太郎,25
テスト太郎,25
テスト太郎,25
テスト太郎,25
テスト太郎,25
テスト太郎,25
テスト太郎,25
テスト太郎,25
テスト太郎,25
テスト太郎,25
テスト太郎,25
テスト太郎,25
テスト太郎,25
テスト太郎,25
テスト太郎,25
テスト太郎,25
テスト太郎,25
テスト太郎,25
テスト太郎,25
テスト太郎,25
テスト太郎,25
テスト太郎,25
テスト太郎,25
テスト太郎,25
テスト太郎,25
テスト太郎,25
テスト太郎,25
テスト太郎,25
テスト太郎,25
テスト太郎,25
テスト太郎,25
テスト太郎,25
テスト太郎,25
テスト太郎,25
テスト太郎,25
テスト太郎,25
テスト太郎,25
テスト太郎,25
テスト太郎,25
テスト太郎,25
テスト太郎,25
テスト太郎,25
テスト太郎,25
テスト太郎,25
テスト太郎,25
テスト太郎,25
テスト太郎,25
テスト太郎,25
テスト太郎,25
テスト太郎,25
テスト太郎,25
テスト太郎,25
テスト太郎,25
テスト太郎,25
テスト太郎,25
テスト太郎,25
テスト太郎,25
テスト太郎,25
テスト太郎,25
テスト太郎,25
テスト太郎,25
テスト太郎,25
テスト太郎,25
テスト太郎,25
テスト太郎,25
テスト太郎,25
テスト太郎,25
テスト太郎,25
テスト太郎,25
テスト太郎,25
テスト太郎,25
テスト太郎,25
テスト太郎,25
テスト太郎,25
テスト太郎,25
テスト太郎,25
テスト太郎,25
テスト太郎,25
テスト太郎,25
テスト太郎,25
テスト太郎,25
テスト太郎,25
テスト太郎,25
テスト太郎,25
テスト太郎,25
テスト太郎,25
テスト太郎,25
テスト太郎,25
テスト太郎,25
テスト太郎,25
テスト太郎,25
テスト太郎,25
テスト太郎,25
テスト太郎,25
テスト太郎,25
テスト太郎,25
テスト太郎,25
テスト太郎,25
テスト太郎,25
テスト太郎,25
テスト太郎,25
テスト太郎,25
テスト太郎,25
テスト太郎,25
テスト太郎,25
テスト太郎,25
テスト太郎,25
テスト太郎,25
テスト太郎,25
テスト太郎,25
テスト太郎,25
テスト太郎,25
テスト太郎,25
テスト太郎,25
テスト太郎,25
テスト太郎,25
テスト太郎,25
テスト太郎,25
テスト太郎,25
テスト太郎,25
テスト太郎,25
テスト太郎,25
テスト太郎,25
テスト太郎,25
テスト太郎,25
テスト太郎,25
テスト太郎,25
テスト太郎,25
テスト太郎,25
テスト太郎,25
テスト太郎,25
テスト太郎,25
テスト太郎,25
テスト太郎,25
テスト太郎,25
テスト太郎,25
テスト太郎,25
テスト太郎,25
テスト太郎,25
テスト太郎,25
テスト太郎,25
テスト太郎,25
テスト太郎,25
テスト太郎,25
テスト太郎,25
テスト太郎,25
テスト太郎,25
テスト太郎,25
テスト太郎,25
テスト太郎,25
テスト太郎,25
テスト太郎,25
テスト太郎,25
テスト太郎,25
テスト太郎,25
テスト太郎,25
テスト太郎,25
テスト太郎,25
テスト太郎,25
テスト太郎,25
テスト太郎,25
テスト太郎,25
テスト太郎,25
テスト太郎,25
テスト太郎,25
テスト太郎,25
テスト太郎,25
テスト太郎,25
テスト太郎,25
テスト太郎,25
テスト太郎,25
テスト太郎,25
テスト太郎,25
テスト太郎,25
テスト太郎,25
テスト太郎,25
テスト太郎,25
テスト太郎,25
テスト太郎,25
テスト太郎,25
テスト太郎,25
テスト太郎,25
テスト太郎,25
テスト太郎,25
テスト太郎,25
テスト太郎,25
テスト太郎,25
テスト太郎,25
テスト太郎,25
テスト太郎,25
テスト太郎,25
テスト太郎,25
テスト太郎,25
テスト太郎,25
テスト太郎,25
テスト太郎,25
テスト太郎,25
テスト太郎,25
テスト太郎,25
テスト太郎,25
テスト太郎,25
テスト太郎,25
テスト太郎,25
テスト太郎,25
テスト太郎,25
テスト太郎,25
テスト太郎,25
テスト太郎,25
テスト太郎,25
テスト太郎,25
テスト太郎,25
テスト太郎,25
テスト太郎,25
テスト太郎,25
テスト太郎,25
テスト太郎,25
テスト太郎,25
テスト太郎,25
テスト太郎,25
テスト太郎,25
テスト太郎,25
テスト太郎,25
テスト太郎,25
テスト太郎,25
テスト太郎,25
テスト太郎,25
テスト太郎,25
テスト太郎,25
テスト太郎,25
テスト太郎,25
テスト太郎,25
テスト太郎,25
テスト太郎,25
テスト太郎,25
テスト太郎,25
テスト太郎,25
テスト太郎,25
テスト太郎,25
テスト太郎,25
テスト太郎,25
テスト太郎,25
テスト太郎,25
テスト太郎,25
テスト太郎,25
テスト太郎,25
テスト太郎,25
テスト太郎,25
テスト太郎,25
テスト太郎,25
テスト太郎,25
テスト太郎,25
テスト太郎,25
テスト太郎,25
テスト太郎,25
テスト太郎,25
テスト太郎,25
テスト太郎,25
テスト太郎,25
テスト太郎,25
テスト太郎,25
テスト太郎,25
テスト太郎,25
テスト太郎,25
テスト太郎,25
テスト太郎,25
テスト太郎,25
テスト太郎,25
テスト太郎,25
テスト太郎,25
テスト太郎,25
テスト太郎,25
テスト太郎,25
テスト太郎,25
テスト太郎,25
テスト太郎,25
テスト太郎,25
テスト太郎,25
テスト太郎,25
テスト太郎,25
テスト太郎,25
テスト太郎,25
テスト太郎,25
テスト太郎,25
テスト太郎,25
テスト太郎,25
テスト太郎,25
テスト太郎,25
テスト太郎,25
テスト太郎,25
テスト太郎,25
テスト太郎,25
テスト太郎,25
テスト太郎,25
テスト太郎,25
テスト太郎,25
テスト太郎,25
テスト太郎,25
テスト太郎,25
テスト太郎,25
テスト太郎,25
テスト太郎,25
テスト太郎,25
テスト太郎,25
テスト太郎,25
テスト太郎,25
テスト太郎,25
テスト太郎,25
テスト太郎,25
テスト太郎,25
テスト太郎,25
テスト太郎,25
テスト太郎,25
テスト太郎,25
テスト太郎,25
テスト太郎,25
テスト太郎,25
テスト太郎,25
テスト太郎,25
テスト太郎,25
テスト太郎,25
テスト太郎,25
テスト太郎,25
テスト太郎,25
テスト太郎,25
テスト太郎,25
テスト太郎,25
テスト太郎,25
テスト太郎,25
テスト太郎,25
テスト太郎,25
テスト太郎,25
テスト太郎,25
テスト太郎,25
テスト太郎,25
テスト太郎,25
テスト太郎,25
テスト太郎,25
テスト太郎,25
テスト太郎,25
テスト太郎,25
テスト太郎,25
テスト太郎,25
テスト太郎,25
テスト太郎,25
テスト太郎,25
テスト太郎,25
テスト太郎,25
テスト太郎,25
テスト太郎,25
テスト太郎,25
テスト太郎,25
テスト太郎,25
テスト太郎,25
テスト太郎,25
テスト太郎,25
テスト太郎,25
テスト太郎,25
テスト太郎,25
テスト太郎,25
テスト太郎,25
テスト太郎,25
テスト太郎,25
テスト太郎,25
テスト太郎,25
テスト太郎,25
テスト太郎,25
テスト太郎,25
テスト太郎,25
テスト太郎,25
テスト太郎,25
テスト太郎,25
テスト太郎,25
テスト太郎,25
テスト太郎,25
テスト太郎,25
テスト太郎,25
テスト太郎,25
テスト太郎,25
テスト太郎,25
テスト太郎,25
テスト太郎,25
テスト太郎,25
テスト太郎,25
テスト太郎,25
テスト太郎,25
テスト太郎,25
テスト太郎,25
テスト太郎,25
テスト太郎,25
テスト太郎,25
テスト太郎,25
テスト太郎,25
テスト太郎,25
テスト太郎,25
テスト太郎,25
テスト太郎,25
テスト太郎,25
テスト太郎,25
テスト太郎,25
テスト太郎,25
テスト太郎,25
テスト太郎,25
テスト太郎,25
テスト太郎,25
テスト太郎,25
テスト太郎,25
テスト太郎,25
テスト太郎,25
テスト太郎,25
テスト太郎,25
テスト太郎,25
テスト太郎,25
テスト太郎,25
テスト太郎,25
テスト太郎,25
テスト太郎,25
テスト太郎,25
テスト太郎,25
テスト太郎,25
テスト太郎,25
テスト太郎,25
テスト太郎,25
テスト太郎,25
テスト太郎,25
テスト太郎,25
テスト太郎,25
テスト太郎,25
テスト太郎,25
テスト太郎,25
テスト太郎,25
テスト太郎,25
テスト太郎,25
テスト太郎,25
テスト太郎,25
テスト太郎,25
テスト太郎,25
テスト太郎,25
テスト太郎,25
テスト太郎,25
テスト太郎,25
テスト太郎,25
テスト太郎,25
テスト太郎,25
テスト太郎,25
テスト太郎,25
テスト太郎,25
テスト太郎,25
テスト太郎,25
テスト太郎,25
テスト太郎,25
テスト太郎,25
テスト太郎,25
テスト太郎,25
テスト太郎,25
テスト太郎,25
テスト太郎,25
テスト太郎,25
テスト太郎,25
テスト太郎,25
テスト太郎,25
テスト太郎,25
テスト太郎,25
テスト太郎,25
テスト太郎,25
テスト太郎,25
テスト太郎,25
テスト太郎,25
テスト太郎,25
テスト太郎,25
テスト太郎,25
テスト太郎,25
テスト太郎,25
テスト太郎,25
テスト太郎,25
テスト太郎,25
テスト太郎,25
テスト太郎,25
テスト太郎,25
テスト太郎,25
テスト太郎,25
テスト太郎,25
テスト太郎,25
テスト太郎,25
テスト太郎,25
テスト太郎,25
テスト太郎,25
テスト太郎,25
テスト太郎,25
テスト太郎,25
テスト太郎,25
テスト太郎,25
テスト太郎,25
テスト太郎,25
テスト太郎,25
テスト太郎,25
テスト太郎,25
テスト太郎,25
テスト太郎,25
テスト太郎,25
テスト太郎,25
テスト太郎,25
テスト太郎,25
テスト太郎,25
テスト太郎,25
テスト太郎,25
テスト太郎,25
テスト太郎,25
テスト太郎,25
テスト太郎,25
テスト太郎,25
テスト太郎,25
テスト太郎,25
テスト太郎,25
テスト太郎,25
テスト太郎,25
テスト太郎,25
テスト太郎,25
テスト太郎,25
テスト太郎,25
テスト太郎,25
テスト太郎,25
テスト太郎,25
テスト太郎,25
テスト太郎,25
テスト太郎,25
テスト太郎,25
テスト太郎,25
テスト太郎,25
テスト太郎,25
テスト太郎,25
テスト太郎,25
テスト太郎,25
テスト太郎,25
テスト太郎,25
テスト太郎,25
テスト太郎,25
テスト太郎,25
テスト太郎,25
テスト太郎,25
テスト太郎,25
テスト太郎,25
テスト太郎,25
テスト太郎,25
テスト太郎,25
テスト太郎,25
テスト太郎,25
テスト太郎,25
テスト太郎,25
テスト太郎,25
テスト太郎,25
テスト太郎,25
テスト太郎,25
テスト太郎,25
テスト太郎,25
テスト太郎,25
テスト太郎,25
テスト太郎,25
テスト太郎,25
テスト太郎,25
テスト太郎,25
テスト太郎,25
テスト太郎,25
テスト太郎,25
テスト太郎,25
テスト太郎,25
テスト太郎,25
テスト太郎,25
テスト太郎,25
テスト太郎,25
テスト太郎,25
テスト太郎,25
テスト太郎,25
テスト太郎,25
テスト太郎,25
テスト太郎,25
テスト太郎,25
テスト太郎,25
テスト太郎,25
テスト太郎,25
テスト太郎,25
テスト太郎,25
テスト太郎,25
テスト太郎,25
テスト太郎,25
テスト太郎,25
テスト太郎,25
テスト太郎,25
テスト太郎,25
テスト太郎,25
テスト太郎,25
テスト太郎,25
テスト太郎,25
テスト太郎,25
テスト太郎,25
テスト太郎,25
テスト太郎,25
テスト太郎,25
テスト太郎,25
テスト太郎,25
テスト太郎,25
テスト太郎,25
テスト太郎,25
テスト太郎,25
テスト太郎,25
テスト太郎,25
テスト太郎,25
テスト太郎,25
テスト太郎,25
テスト太郎,25
テスト太郎,25
テスト太郎,25
テスト太郎,25
テスト太郎,25
テスト太郎,25
テスト太郎,25
テスト太郎,25
テスト太郎,25
テスト太郎,25
テスト太郎,25
テスト太郎,25
テスト太郎,25
テスト太郎,25
テスト太郎,25
テスト太郎,25
テスト太郎,25
テスト太郎,25
テスト太郎,25
テスト太郎,25
テスト太郎,25
テスト太郎,25
テスト太郎,25
テスト太郎,25
テスト太郎,25
テスト太郎,25
テスト太郎,25
テスト太郎,25
テスト太郎,25
テスト太郎,25
テスト太郎,25
テスト太郎,25
テスト太郎,25
テスト太郎,25
テスト太郎,25
テスト太郎,25
テスト太郎,25
テスト太郎,25
テスト太郎,25
テスト太郎,25
テスト太郎,25
テスト太郎,25
テスト太郎,25
テスト太郎,25
テスト太郎,25
テスト太郎,25
テスト太郎,25
テスト太郎,25
テスト太郎,25
テスト太郎,25
テスト太郎,25
テスト太郎,25
テスト太郎,25
テスト太郎,25
テスト太郎,25
テスト太郎,25
テスト太郎,25
テスト太郎,25
テスト太郎,25
テスト太郎,25
テスト太郎,25
テスト太郎,25
テスト太郎,25
テスト太郎,25
テスト太郎,25
テスト太郎,25
テスト太郎,25
テスト太郎,25
テスト太郎,25
テスト太郎,25
テスト太郎,25
テスト太郎,25
テスト太郎,25
テスト太郎,25
テスト太郎,25
テスト太郎,25
テスト太郎,25
テスト太郎,25
テスト太郎,25
テスト太郎,25
テスト太郎,25
テスト太郎,25
テスト太郎,25
テスト太郎,25
テスト太郎,25
テスト太郎,25
テスト太郎,25
テスト太郎,25
テスト太郎,25
テスト太郎,25
テスト太郎,25
テスト太郎,25
テスト太郎,25
テスト太郎,25
テスト太郎,25
テスト太郎,25
テスト太郎,25
テスト太郎,25
テスト太郎,25
テスト太郎,25
テスト太郎,25
テスト太郎,25
テスト太郎,25
テスト太郎,25
テスト太郎,25
テスト太郎,25
テスト太郎,25
テスト太郎,25
テスト太郎,25
テスト太郎,25
テスト太郎,25
テスト太郎,25
テスト太郎,25
テスト太郎,25
テスト太郎,25
テスト太郎,25
テスト太郎,25
テスト太郎,25
テスト太郎,25
テスト太郎,25
テスト太郎,25
テスト太郎,25
テスト太郎,25
テスト太郎,25
テスト太郎,25
テスト太郎,25
テスト太郎,25
テスト太郎,25
テスト太郎,25
テスト太郎,25
テスト太郎,25
テスト太郎,25
テスト太郎,25
テスト太郎,25
テスト太郎,25
テスト太郎,25
テスト太郎,25
テスト太郎,25
テスト太郎,25
テスト太郎,25
テスト太郎,25
テスト太郎,25
テスト太郎,25
テスト太郎,25
テスト太郎,25
テスト太郎,25
テスト太郎,25
テスト太郎,25
テスト太郎,25
テスト太郎,25
テスト太郎,25
テスト太郎,25
テスト太郎,25
テスト太郎,25
テスト太郎,25
テスト太郎,25
テスト太郎,25
テスト太郎,25
テスト太郎,25
テスト太郎,25
テスト太郎,25
テスト太郎,25
テスト太郎,25
テスト太郎,25
テスト太郎,25
テスト太郎,25
テスト太郎,25
テスト太郎,25
テスト太郎,25
テスト太郎,25
テスト太郎,25
テスト太郎,25
テスト太郎,25
テスト太郎,25
テスト太郎,25
テスト太郎,25
テスト太郎,25
テスト太郎,25
テスト太郎,25
テスト太郎,25
テスト太郎,25
テスト太郎,25
テスト太郎,25
テスト太郎,25
テスト太郎,25
テスト太郎,25
テスト太郎,25
テスト太郎,25
テスト太郎,25
テスト太郎,25
テスト太郎,25
テスト太郎,25
テスト太郎,25
テスト太郎,25
テスト太郎,25
テスト太郎,25
テスト太郎,25
テスト太郎,25
テスト太郎,25
テスト太郎,25
テスト太郎,25
テスト太郎,25
テスト太郎,25
テスト太郎,25
テスト太郎,25
テスト太郎,25
テスト太郎,25
テスト太郎,25
テスト太郎,25
テスト太郎,25
テスト太郎,25
テスト太郎,25
テスト太郎,25
テスト太郎,25
テスト太郎,25
テスト太郎,25
テスト太郎,25
テスト太郎,25
テスト太郎,25
テスト太郎,25
テスト太郎,25
テスト太郎,25
テスト太郎,25
テスト太郎,25
テスト太郎,25
テスト太郎,25
テスト太郎,25
テスト太郎,25
テスト太郎,25
テスト太郎,25
テスト太郎,25
テスト太郎,25
テスト太郎,25
テスト太郎,25
テスト太郎,25
テスト太郎,25
テスト太郎,25
テスト太郎,25
テスト太郎,25
テスト太郎,25
テスト太郎,25
テスト太郎,25
テスト太郎,25
テスト太郎,25
テスト太郎,25
テスト太郎,25
テスト太郎,25
テスト太郎,25
テスト太郎,25
テスト太郎,25
テスト太郎,25
テスト太郎,25
テスト太郎,25
テスト太郎,25
テスト太郎,25
テスト太郎,25
テスト太郎,25
テスト太郎,25
テスト太郎,25
テスト太郎,25
テスト太郎,25
テスト太郎,25
テスト太郎,25
テスト太郎,25
テスト太郎,25
テスト太郎,25
テスト太郎,25
テスト太郎,25
テスト太郎,25
テスト太郎,25
テスト太郎,25
テスト太郎,25
テスト太郎,25
テスト太郎,25
テスト太郎,25
テスト太郎,25
テスト太郎,25
テスト太郎,25
テスト太郎,25
テスト太郎,25
テスト太郎,25
テスト太郎,25
テスト太郎,25
テスト太郎,25
テスト太郎,25
テスト太郎,25
テスト太郎,25
テスト太郎,25
テスト太郎,25
テスト太郎,25
テスト太郎,25
テスト太郎,25
テスト太郎,25
テスト太郎,25
テスト太郎,25
テスト太郎,25
テスト太郎,25
テスト太郎,25
テスト太郎,25
テスト太郎,25
テスト太郎,25
テスト太郎,25
テスト太郎,25
テスト太郎,25
テスト太郎,25
テスト太郎,25
テスト太郎,25
テスト太郎,25
テスト太郎,25
テスト太郎,25
テスト太郎,25
テスト太郎,25
テスト太郎,25
テスト太郎,25
テスト太郎,25
テスト太郎,25
テスト太郎,25
テスト太郎,25
テスト太郎,25
テスト太郎,25
テスト太郎,25
テスト太郎,25
テスト太郎,25
テスト太郎,25
テスト太郎,25
テスト太郎,25
テスト太郎,25
テスト太郎,25
テスト太郎,25
テスト太郎,25
テスト太郎,25
テスト太郎,25
テスト太郎,25
テスト太郎,25
テスト太郎,25
テスト太郎,25
テスト太郎,25
テスト太郎,25
テスト太郎,25
テスト太郎,25
テスト太郎,25
テスト太郎,25
テスト太郎,25
テスト太郎,25
テスト太郎,25
テスト太郎,25
テスト太郎,25
テスト太郎,25
テスト太郎,25
テスト太郎,25
テスト太郎,25
テスト太郎,25
テスト太郎,25
テスト太郎,25
テスト太郎,25
テスト太郎,25
テスト太郎,25
テスト太郎,25
テスト太郎,25
テスト太郎,25
テスト太郎,25
テスト太郎,25
テスト太郎,25
テスト太郎,25
テスト太郎,25
テスト太郎,25
テスト太郎,25
テスト太郎,25
テスト太郎,25
テスト太郎,25
テスト太郎,25
テスト太郎,25
テスト太郎,25
テスト太郎,25
テスト太郎,25
テスト太郎,25
テスト太郎,25
テスト太郎,25
テスト太郎,25
テスト太郎,25
テスト太郎,25
テスト太郎,25
テスト太郎,25
テスト太郎,25
テスト太郎,25
テスト太郎,25
テスト太郎,25
テスト太郎,25
テスト太郎,25
テスト太郎,25
テスト太郎,25
テスト太郎,25
テスト太郎,25
テスト太郎,25
テスト太郎,25
テスト太郎,25
テスト太郎,25
テスト太郎,25
テスト太郎,25
テスト太郎,25
テスト太郎,25
テスト太郎,25
テスト太郎,25
テスト太郎,25
テスト太郎,25
テスト太郎,25
テスト太郎,25
テスト太郎,25
テスト太郎,25
テスト太郎,25
テスト太郎,25
テスト太郎,25
テスト太郎,25
テスト太郎,25
テスト太郎,25
テスト太郎,25
テスト太郎,25
テスト太郎,25
テスト太郎,25
テスト太郎,25
テスト太郎,25
テスト太郎,25
テスト太郎,25
テスト太郎,25
テスト太郎,25
テスト太郎,25
テスト太郎,25
テスト太郎,25
テスト太郎,25
テスト太郎,25
テスト太郎,25
テスト太郎,25
テスト太郎,25
テスト太郎,25
テスト太郎,25
テスト太郎,25
テスト太郎,25
テスト太郎,25
テスト太郎,25
テスト太郎,25
テスト太郎,25
テスト太郎,25
テスト太郎,25
テスト太郎,25
テスト太郎,25
テスト太郎,25
テスト太郎,25
テスト太郎,25
テスト太郎,25
テスト太郎,25
テスト太郎,25
テスト太郎,25
テスト太郎,25
テスト太郎,25
テスト太郎,25
テスト太郎,25
テスト太郎,25
テスト太郎,25
テスト太郎,25
テスト太郎,25
テスト太郎,25
テスト太郎,25
テスト太郎,25
テスト太郎,25
テスト太郎,25
テスト太郎,25
テスト太郎,25
テスト太郎,25
テスト太郎,25
テスト太郎,25
テスト太郎,25
テスト太郎,25
テスト太郎,25
テスト太郎,25
テスト太郎,25
テスト太郎,25
テスト太郎,25
テスト太郎,25
テスト太郎,25
テスト太郎,25
テスト太郎,25
テスト太郎,25
テスト太郎,25
テスト太郎,25
テスト太郎,25
テスト太郎,25
テスト太郎,25
テスト太郎,25
テスト太郎,25
テスト太郎,25
テスト太郎,25
テスト太郎,25
テスト太郎,25
テスト太郎,25
テスト太郎,25
テスト太郎,25
テスト太郎,25
テスト太郎,25
テスト太郎,25
テスト太郎,25
テスト太郎,25
テスト太郎,25
テスト太郎,25
テスト太郎,25
テスト太郎,25
テスト太郎,25
テスト太郎,25
テスト太郎,25
テスト太郎,25
テスト太郎,25
テスト太郎,25
テスト太郎,25
テスト太郎,25
テスト太郎,25
テスト太郎,25
テスト太郎,25
テスト太郎,25
テスト太郎,25
テスト太郎,25
テスト太郎,25
テスト太郎,25
テスト太郎,25
テスト太郎,25
テスト太郎,25
テスト太郎,25
テスト太郎,25
テスト太郎,25
テスト太郎,25
テスト太郎,25
テスト太郎,25
テスト太郎,25
テスト太郎,25
テスト太郎,25
テスト太郎,25
テスト太郎,25
テスト太郎,25
テスト太郎,25
テスト太郎,25
テスト太郎,25
テスト太郎,25
テスト太郎,25
テスト太郎,25
テスト太郎,25
テスト太郎,25
テスト太郎,25
テスト太郎,25
テスト太郎,25
テスト太郎,25
テスト太郎,25
テスト太郎,25
テスト太郎,25
テスト太郎,25
テスト太郎,25
テスト太郎,25
テスト太郎,25
テスト太郎,25
テスト太郎,25
テスト太郎,25
テスト太郎,25
テスト太郎,25
テスト太郎,25
テスト太郎,25
テスト太郎,25
テスト太郎,25
テスト太郎,25
テスト太郎,25
テスト太郎,25
テスト太郎,25
テスト太郎,25
テスト太郎,25
テスト太郎,25
テスト太郎,25
テスト太郎,25
テスト太郎,25
テスト太郎,25
テスト太郎,25
テスト太郎,25
テスト太郎,25
テスト太郎,25
テスト太郎,25
テスト太郎,25
テスト太郎,25
テスト太郎,25
テスト太郎,25
テスト太郎,25
テスト太郎,25
テスト太郎,25
テスト太郎,25
テスト太郎,25
テスト太郎,25
テスト太郎,25
テスト太郎,25
テスト太郎,25
テスト太郎,25
テスト太郎,25
テスト太郎,25
テスト太郎,25
テスト太郎,25
テスト太郎,25
テスト太郎,25
テスト太郎,25
テスト太郎,25
テスト太郎,25
テスト太郎,25
テスト太郎,25
テスト太郎,25
テスト太郎,25
テスト太郎,25
テスト太郎,25
テスト太郎,25
テスト太郎,25
テスト太郎,25
テスト太郎,25
テスト太郎,25
テスト太郎,25
テスト太郎,25
テスト太郎,25
テスト太郎,25
テスト太郎,25
テスト太郎,25
テスト太郎,25
テスト太郎,25
テスト太郎,25
テスト太郎,25
テスト太郎,25
テスト太郎,25
テスト太郎,25
テスト太郎,25
テスト太郎,25
テスト太郎,25
テスト太郎,25
テスト太郎,25
テスト太郎,25
テスト太郎,25
テスト太郎,25
テスト太郎,25
テスト太郎,25
テスト太郎,25
テスト太郎,25
テスト太郎,25
テスト太郎,25
テスト太郎,25
テスト太郎,25
テスト太郎,25
テスト太郎,25
テスト太郎,25
テスト太郎,25
テスト太郎,25
テスト太郎,25
テスト太郎,25
テスト太郎,25
テスト太郎,25
テスト太郎,25
テスト太郎,25
テスト太郎,25
テスト太郎,25
テスト太郎,25
テスト太郎,25
テスト太郎,25
テスト太郎,25
テスト太郎,25
テスト太郎,25
テスト太郎,25
テスト太郎,25
テスト太郎,25
テスト太郎,25
テスト太郎,25
テスト太郎,25
テスト太郎,25
テスト太郎,25
テスト太郎,25
テスト太郎,25
テスト太郎,25
テスト太郎,25
テスト太郎,25
テスト太郎,25
テスト太郎,25
テスト太郎,25
テスト太郎,25
テスト太郎,25
テスト太郎,25
テスト太郎,25
テスト太郎,25
テスト太郎,25
テスト太郎,25
テスト太郎,25
テスト太郎,25
テスト太郎,25
テスト太郎,25
テスト太郎,25
テスト太郎,25
テスト太郎,25
テスト太郎,25
テスト太郎,25
テスト太郎,25
テスト太郎,25
テスト太郎,25
テスト太郎,25
テスト太郎,25
テスト太郎,25
テスト太郎,25
テスト太郎,25
テスト太郎,25
テスト太郎,25
テスト太郎,25
テスト太郎,25
テスト太郎,25
テスト太郎,25
テスト太郎,25
テスト太郎,25
テスト太郎,25
テスト太郎,25
テスト太郎,25
テスト太郎,25
テスト太郎,25
テスト太郎,25
テスト太郎,25
テスト太郎,25
テスト太郎,25
テスト太郎,25
テスト太郎,25
テスト太郎,25
テスト太郎,25
テスト太郎,25
テスト太郎,25
テスト太郎,25
テスト太郎,25
テスト太郎,25
テスト太郎,25
テスト太郎,25
テスト太郎,25
テスト太郎,25
テスト太郎,25
テスト太郎,25
テスト太郎,25
テスト太郎,25
テスト太郎,25
テスト太郎,25
テスト太郎,25
テスト太郎,25
テスト太郎,25
テスト太郎,25
テスト太郎,25
テスト太郎,25
テスト太郎,25
テスト太郎,25
テスト太郎,25
テスト太郎,25
テスト太郎,25
テスト太郎,25
テスト太郎,25
テスト太郎,25
テスト太郎,25
テスト太郎,25
テスト太郎,25
テスト太郎,25
テスト太郎,25
テスト太郎,25
テスト太郎,25
テスト太郎,25
テスト太郎,25
テスト太郎,25
テスト太郎,25
テスト太郎,25
テスト太郎,25
テスト太郎,25
テスト太郎,25
テスト太郎,25
テスト太郎,25
テスト太郎,25
テスト太郎,25
テスト太郎,25
テスト太郎,25
テスト太郎,25
テスト太郎,25
テスト太郎,25
テスト太郎,25
テスト太郎,25
テスト太郎,25
テスト太郎,25
テスト太郎,25
テスト太郎,25
テスト太郎,25
テスト太郎,25
テスト太郎,25
テスト太郎,25
テスト太郎,25
テスト太郎,25
テスト太郎,25
テスト太郎,25
テスト太郎,25
テスト太郎,25
テスト太郎,25
テスト太郎,25
テスト太郎,25
テスト太郎,25
テスト太郎,25
テスト太郎,25
テスト太郎,25
テスト太郎,25
テスト太郎,25
テスト太郎,25
テスト太郎,25
テスト太郎,25
テスト太郎,25
テスト太郎,25
テスト太郎,25
テスト太郎,25
テスト太郎,25
テスト太郎,25
テスト太郎,25
テスト太郎,25
テスト太郎,25
テスト太郎,25
テスト太郎,25
テスト太郎,25
テスト太郎,25
テスト太郎,25
テスト太郎,25
テスト太郎,25
テスト太郎,25
テスト太郎,25
テスト太郎,25
テスト太郎,25
テスト太郎,25
テスト太郎,25
テスト太郎,25
テスト太郎,25
テスト太郎,25
テスト太郎,25
テスト太郎,25
テスト太郎,25
テスト太郎,25
テスト太郎,25
テスト太郎,25
テスト太郎,25
テスト太郎,25
テスト太郎,25
テスト太郎,25
テスト太郎,25
テスト太郎,25
テスト太郎,25
テスト太郎,25
テスト太郎,25
テスト太郎,25
テスト太郎,25
テスト太郎,25
テスト太郎,25
テスト太郎,25
テスト太郎,25
テスト太郎,25
テスト太郎,25
テスト太郎,25
テスト太郎,25
テスト太郎,25
テスト太郎,25
テスト太郎,25
テスト太郎,25
テスト太郎,25
テスト太郎,25
テスト太郎,25
テスト太郎,25
テスト太郎,25
テスト太郎,25
テスト太郎,25
テスト太郎,25
テスト太郎,25
テスト太郎,25
テスト太郎,25
テスト太郎,25
テスト太郎,25
テスト太郎,25
テスト太郎,25
テスト太郎,25
テスト太郎,25
テスト太郎,25
テスト太郎,25
テスト太郎,25
テスト太郎,25
テスト太郎,25
テスト太郎,25
テスト太郎,25
テスト太郎,25
テスト太郎,25
テスト太郎,25
テスト太郎,25
テスト太郎,25
テスト太郎,25
テスト太郎,25
テスト太郎,25
テスト太郎,25
テスト太郎,25
テスト太郎,25
テスト太郎,25
テスト太郎,25
テスト太郎,25
テスト太郎,25
テスト太郎,25
テスト太郎,25
テスト太郎,25
テスト太郎,25
テスト太郎,25
テスト太郎,25
テスト太郎,25
テスト太郎,25
テスト太郎,25
テスト太郎,25
テスト太郎,25
テスト太郎,25
テスト太郎,25
テスト太郎,25
テスト太郎,25
テスト太郎,25
テスト太郎,25
テスト太郎,25
テスト太郎,25
テスト太郎,25
テスト太郎,25
テスト太郎,25
テスト太郎,25
テスト太郎,25
テスト太郎,25
テスト太郎,25
テスト太郎,25
テスト太郎,25
テスト太郎,25
テスト太郎,25
テスト太郎,25
テスト太郎,25
テスト太郎,25
テスト太郎,25
テスト太郎,25
テスト太郎,25
テスト太郎,25
テスト太郎,25
テスト太郎,25
テスト太郎,25
テスト太郎,25
テスト太郎,25
テスト太郎,25
テスト太郎,25
テスト太郎,25
テスト太郎,25
テスト太郎,25
テスト太郎,25
テスト太郎,25
テスト太郎,25
テスト太郎,25
テスト太郎,25
テスト太郎,25
テスト太郎,25
テスト太郎,25
テスト太郎,25
テスト太郎,25
テスト太郎,25
テスト太郎,25
テスト太郎,25
テスト太郎,25
テスト太郎,25
テスト太郎,25
テスト太郎,25
テスト太郎,25
テスト太郎,25
テスト太郎,25
テスト太郎,25
テスト太郎,25
テスト太郎,25
テスト太郎,25
テスト太郎,25
テスト太郎,25
テスト太郎,25
テスト太郎,25
テスト太郎,25
テスト太郎,25
テスト太郎,25
テスト太郎,25
テスト太郎,25
テスト太郎,25
テスト太郎,25
テスト太郎,25
テスト太郎,25
テスト太郎,25
テスト太郎,25
テスト太郎,25
テスト太郎,25
テスト太郎,25
テスト太郎,25
テスト太郎,25
テスト太郎,25
テスト太郎,25
テスト太郎,25
テスト太郎,25
テスト太郎,25
テスト太郎,25
テスト太郎,25
テスト太郎,25
テスト太郎,25
テスト太郎,25
テスト太郎,25
テスト太郎,25
テスト太郎,25
テスト太郎,25
テスト太郎,25
テスト太郎,25
テスト太郎,25
テスト太郎,25
テスト太郎,25
テスト太郎,25
テスト太郎,25
テスト太郎,25
テスト太郎,25
テスト太郎,25
テスト太郎,25
テスト太郎,25
テスト太郎,25
テスト太郎,25
テスト太郎,25
テスト太郎,25
テスト太郎,25
テスト太郎,25
テスト太郎,25
テスト太郎,25
テスト太郎,25
テスト太郎,25
テスト太郎,25
テスト太郎,25
テスト太郎,25
テスト太郎,25
テスト太郎,25
テスト太郎,25
テスト太郎,25
テスト太郎,25
テスト太郎,25
テスト太郎,25
テスト太郎,25
テスト太郎,25
テスト太郎,25
テスト太郎,25
テスト太郎,25
テスト太郎,25
テスト太郎,25
テスト太郎,25
テスト太郎,25
テスト太郎,25
テスト太郎,25
テスト太郎,25
テスト太郎,25
テスト太郎,25
テスト太郎,25
テスト太郎,25
テスト太郎,25
テスト太郎,25
テスト太郎,25
テスト太郎,25
テスト太郎,25
テスト太郎,25
テスト太郎,25
テスト太郎,25
テスト太郎,25
テスト太郎,25
テスト太郎,25
テスト太郎,25
テスト太郎,25
テスト太郎,25
テスト太郎,25
テスト太郎,25
テスト太郎,25
テスト太郎,25
テスト太郎,25
テスト太郎,25
テスト太郎,25
テスト太郎,25
テスト太郎,25
テスト太郎,25
テスト太郎,25
テスト太郎,25
テスト太郎,25
テスト太郎,25
テスト太郎,25
テスト太郎,25
テスト太郎,25
テスト太郎,25
テスト太郎,25
テスト太郎,25
テスト太郎,25
テスト太郎,25
テスト太郎,25
テスト太郎,25
テスト太郎,25
テスト太郎,25
テスト太郎,25
テスト太郎,25
テスト太郎,25
テスト太郎,25
テスト太郎,25
テスト太郎,25
テスト太郎,25
テスト太郎,25
テスト太郎,25
テスト太郎,25
テスト太郎,25
テスト太郎,25
テスト太郎,25
テスト太郎,25
テスト太郎,25
テスト太郎,25
テスト太郎,25
テスト太郎,25
テスト太郎,25
テスト太郎,25
テスト太郎,25
テスト太郎,25
テスト太郎,25
テスト太郎,25
テスト太郎,25
テスト太郎,25
テスト太郎,25
テスト太郎,25
テスト太郎,25
テスト太郎,25
テスト太郎,25
テスト太郎,25
テスト太郎,25
テスト太郎,25
テスト太郎,25
テスト太郎,25
テスト太郎,25
テスト太郎,25
テスト太郎,25
テスト太郎,25
テスト太郎,25
テスト太郎,25
テスト太郎,25
テスト太郎,25
テスト太郎,25
テスト太郎,25
テスト太郎,25
テスト太郎,25
テスト太郎,25
テスト太郎,25
テスト太郎,25
テスト太郎,25
テスト太郎,25
テスト太郎,25
テスト太郎,25
テスト太郎,25
テスト太郎,25
テスト太郎,25
テスト太郎,25
テスト太郎,25
テスト太郎,25
テスト太郎,25
テスト太郎,25
テスト太郎,25
テスト太郎,25
テスト太郎,25
テスト太郎,25
テスト太郎,25
テスト太郎,25
テスト太郎,25
テスト太郎,25
テスト太郎,25
テスト太郎,25
テスト太郎,25
テスト太郎,25
テスト太郎,25
テスト太郎,25
テスト太郎,25
テスト太郎,25
テスト太郎,25
テスト太郎,25
テスト太郎,25
テスト太郎,25
テスト太郎,25
テスト太郎,25
テスト太郎,25
テスト太郎,25
テスト太郎,25
テスト太郎,25
テスト太郎,25
テスト太郎,25
テスト太郎,25
テスト太郎,25
テスト太郎,25
テスト太郎,25
テスト太郎,25
テスト太郎,25
テスト太郎,25
テスト太郎,25
テスト太郎,25
テスト太郎,25
テスト太郎,25
テスト太郎,25
テスト太郎,25
テスト太郎,25
テスト太郎,25
テスト太郎,25
テスト太郎,25
テスト太郎,25
テスト太郎,25
テスト太郎,25
テスト太郎,25
テスト太郎,25
テスト太郎,25
テスト太郎,25
テスト太郎,25
テスト太郎,25
テスト太郎,25
テスト太郎,25
テスト太郎,25
テスト太郎,25
テスト太郎,25
テスト太郎,25
テスト太郎,25
テスト太郎,25
テスト太郎,25
テスト太郎,25
テスト太郎,25
テスト太郎,25
テスト太郎,25
テスト太郎,25
テスト太郎,25
テスト太郎,25
テスト太郎,25
テスト太郎,25
テスト太郎,25
テスト太郎,25
テスト太郎,25
テスト太郎,25
テスト太郎,25
テスト太郎,25
テスト太郎,25
テスト太郎,25
テスト太郎,25
テスト太郎,25
テスト太郎,25
テスト太郎,25
テスト太郎,25
テスト太郎,25
テスト太郎,25
テスト太郎,25
テスト太郎,25
テスト太郎,25
テスト太郎,25
テスト太郎,25
テスト太郎,25
テスト太郎,25
テスト太郎,25
テスト太郎,25
テスト太郎,25
テスト太郎,25
テスト太郎,25
テスト太郎,25
テスト太郎,25
テスト太郎,25
テスト太郎,25
テスト太郎,25
テスト太郎,25
テスト太郎,25
テスト太郎,25
テスト太郎,25
テスト太郎,25
テスト太郎,25
テスト太郎,25
テスト太郎,25
テスト太郎,25
テスト太郎,25
テスト太郎,25
テスト太郎,25
テスト太郎,25
テスト太郎,25
テスト太郎,25
テスト太郎,25
テスト太郎,25
テスト太郎,25
テスト太郎,25
テスト太郎,25
テスト太郎,25
テスト太郎,25
テスト太郎,25
テスト太郎,25
テスト太郎,25
テスト太郎,25
テスト太郎,25
テスト太郎,25
テスト太郎,25
テスト太郎,25
テスト太郎,25
テスト太郎,25
テスト太郎,25
テスト太郎,25
テスト太郎,25
テスト太郎,25
テスト太郎,25
テスト太郎,25
テスト太郎,25
テスト太郎,25
テスト太郎,25
テスト太郎,25
テスト太郎,25
テスト太郎,25
テスト太郎,25
テスト太郎,25
テスト太郎,25
テスト太郎,25
テスト太郎,25
テスト太郎,25
テスト太郎,25
テスト太郎,25
テスト太郎,25
テスト太郎,25
テスト太郎,25
テスト太郎,25
テスト太郎,25
テスト太郎,25
テスト太郎,25
テスト太郎,25
テスト太郎,25
テスト太郎,25
テスト太郎,25
テスト太郎,25
テスト太郎,25
テスト太郎,25
テスト太郎,25
テスト太郎,25
テスト太郎,25
テスト太郎,25
テスト太郎,25
テスト太郎,25
テスト太郎,25
テスト太郎,25
テスト太郎,25
テスト太郎,25
テスト太郎,25
テスト太郎,25
テスト太郎,25
テスト太郎,25
テスト太郎,25
テスト太郎,25
テスト太郎,25
テスト太郎,25
テスト太郎,25
テスト太郎,25
テスト太郎,25
テスト太郎,25
テスト太郎,25
テスト太郎,25
テスト太郎,25
テスト太郎,25
テスト太郎,25
テスト太郎,25
テスト太郎,25
テスト太郎,25
テスト太郎,25
テスト太郎,25
テスト太郎,25
テスト太郎,25
テスト太郎,25
テスト太郎,25
テスト太郎,25
テスト太郎,25
テスト太郎,25
テスト太郎,25
テスト太郎,25
テスト太郎,25
テスト太郎,25
テスト太郎,25
テスト太郎,25
テスト太郎,25
テスト太郎,25
テスト太郎,25
テスト太郎,25
テスト太郎,25
テスト太郎,25
テスト太郎,25
テスト太郎,25
テスト太郎,25
テスト太郎,25
テスト太郎,25
テスト太郎,25
テスト太郎,25
テスト太郎,25
テスト太郎,25
テスト太郎,25
テスト太郎,25
テスト太郎,25
テスト太郎,25
テスト太郎,25
テスト太郎,25
テスト太郎,25
テスト太郎,25
テスト太郎,25
テスト太郎,25
テスト太郎,25
テスト太郎,25
テスト太郎,25
テスト太郎,25
テスト太郎,25
テスト太郎,25
テスト太郎,25
テスト太郎,25
テスト太郎,25
テスト太郎,25
テスト太郎,25
テスト太郎,25
テスト太郎,25
テスト太郎,25
テスト太郎,25
テスト太郎,25
テスト太郎,25
テスト太郎,25
テスト太郎,25
テスト太郎,25
テスト太郎,25
テスト太郎,25
テスト太郎,25
テスト太郎,25
テスト太郎,25
テスト太郎,25
テスト太郎,25
テスト太郎,25
テスト太郎,25
テスト太郎,25
テスト太郎,25
テスト太郎,25
テスト太郎,25
テスト太郎,25
テスト太郎,25
テスト太郎,25
テスト太郎,25
テスト太郎,25
テスト太郎,25
テスト太郎,25
テスト太郎,25
テスト太郎,25
テスト太郎,25
テスト太郎,25
テスト太郎,25
テスト太郎,25
テスト太郎,25
テスト太郎,25
テスト太郎,25
テスト太郎,25
テスト太郎,25
テスト太郎,25
テスト太郎,25
テスト太郎,25
テスト太郎,25
テスト太郎,25
テスト太郎,25
テスト太郎,25
テスト太郎,25
テスト太郎,25
テスト太郎,25
テスト太郎,25
テスト太郎,25
テスト太郎,25
テスト太郎,25
テスト太郎,25
テスト太郎,25
テスト太郎,25
テスト太郎,25
テスト太郎,25
テスト太郎,25
テスト太郎,25
テスト太郎,25
テスト太郎,25
テスト太郎,25
テスト太郎,25
テスト太郎,25
テスト太郎,25
テスト太郎,25
テスト太郎,25
テスト太郎,25
テスト太郎,25
テスト太郎,25
テスト太郎,25
テスト太郎,25
テスト太郎,25
テスト太郎,25
テスト太郎,25
テスト太郎,25
テスト太郎,25
テスト太郎,25
テスト太郎,25
テスト太郎,25
テスト太郎,25
テスト太郎,25
テスト太郎,25
テスト太郎,25
テスト太郎,25
テスト太郎,25
テスト太郎,25
テスト太郎,25
テスト太郎,25
テスト太郎,25
テスト太郎,25
テスト太郎,25
テスト太郎,25
テスト太郎,25
テスト太郎,25
テスト太郎,25
テスト太郎,25
テスト太郎,25
テスト太郎,25
テスト太郎,25
テスト太郎,25
テスト太郎,25
テスト太郎,25
テスト太郎,25
テスト太郎,25
テスト太郎,25
テスト太郎,25
テスト太郎,25
テスト太郎,25
テスト太郎,25
テスト太郎,25
テスト太郎,25
テスト太郎,25
テスト太郎,25
テスト太郎,25
テスト太郎,25
テスト太郎,25
テスト太郎,25
テスト太郎,25
テスト太郎,25
テスト太郎,25
テスト太郎,25
テスト太郎,25
テスト太郎,25
テスト太郎,25
テスト太郎,25
テスト太郎,25
テスト太郎,25
テスト太郎,25
テスト太郎,25
テスト太郎,25
テスト太郎,25
テスト太郎,25
テスト太郎,25
テスト太郎,25
テスト太郎,25
テスト太郎,25
テスト太郎,25
テスト太郎,25
テスト太郎,25
テスト太郎,25
テスト太郎,25
テスト太郎,25
テスト太郎,25
テスト太郎,25
テスト太郎,25
テスト太郎,25
テスト太郎,25
テスト太郎,25
テスト太郎,25
テスト太郎,25
テスト太郎,25
テスト太郎,25
テスト太郎,25
テスト太郎,25
テスト太郎,25
テスト太郎,25
テスト太郎,25
テスト太郎,25
テスト太郎,25
テスト太郎,25
テスト太郎,25
テスト太郎,25
テスト太郎,25
テスト太郎,25
テスト太郎,25
テスト太郎,25
テスト太郎,25
テスト太郎,25
テスト太郎,25
テスト太郎,25
テスト太郎,25
テスト太郎,25
テスト太郎,25
テスト太郎,25
テスト太郎,25
テスト太郎,25
テスト太郎,25
テスト太郎,25
テスト太郎,25
テスト太郎,25
テスト太郎,25
テスト太郎,25
テスト太郎,25
テスト太郎,25
テスト太郎,25
テスト太郎,25
テスト太郎,25
テスト太郎,25
テスト太郎,25
テスト太郎,25
テスト太郎,25
テスト太郎,25
テスト太郎,25
テスト太郎,25
テスト太郎,25
テスト太郎,25
テスト太郎,25
テスト太郎,25
テスト太郎,25
テスト太郎,25
テスト太郎,25
テスト太郎,25
テスト太郎,25
テスト太郎,25
テスト太郎,25
テスト太郎,25
テスト太郎,25
テスト太郎,25
テスト太郎,25
テスト太郎,25
テスト太郎,25
テスト太郎,25
テスト太郎,25
テスト太郎,25
テスト太郎,25
テスト太郎,25
テスト太郎,25
テスト太郎,25
テスト太郎,25
テスト太郎,25
テスト太郎,25
テスト太郎,25
テスト太郎,25
テスト太郎,25
テスト太郎,25
テスト太郎,25
テスト太郎,25
テスト太郎,25
テスト太郎,25
テスト太郎,25
テスト太郎,25
テスト太郎,25
テスト太郎,25
テスト太郎,25
テスト太郎,25
テスト太郎,25
テスト太郎,25
テスト太郎,25
テスト太郎,25
テスト太郎,25
テスト太郎,25
テスト太郎,25
テスト太郎,25
テスト太郎,25
テスト太郎,25
テスト太郎,25
テスト太郎,25
テスト太郎,25
テスト太郎,25
テスト太郎,25
テスト太郎,25
テスト太郎,25
テスト太郎,25
テスト太郎,25
テスト太郎,25
テスト太郎,25
テスト太郎,25
テスト太郎,25
テスト太郎,25
テスト太郎,25
テスト太郎,25
テスト太郎,25
テスト太郎,25
テスト太郎,25
テスト太郎,25
テスト太郎,25
テスト太郎,25
テスト太郎,25
テスト太郎,25
テスト太郎,25
テスト太郎,25
テスト太郎,25
テスト太郎,25
テスト太郎,25
テスト太郎,25
テスト太郎,25
テスト太郎,25
テスト太郎,25
テスト太郎,25
テスト太郎,25
テスト太郎,25
テスト太郎,25
テスト太郎,25
テスト太郎,25
テスト太郎,25
テスト太郎,25
テスト太郎,25
テスト太郎,25
テスト太郎,25
テスト太郎,25
テスト太郎,25
テスト太郎,25
テスト太郎,25
テスト太郎,25
テスト太郎,25
テスト太郎,25
テスト太郎,25
テスト太郎,25
テスト太郎,25
テスト太郎,25
テスト太郎,25
テスト太郎,25
テスト太郎,25
テスト太郎,25
テスト太郎,25
テスト太郎,25
テスト太郎,25
テスト太郎,25
テスト太郎,25
テスト太郎,25
テスト太郎,25
テスト太郎,25
テスト太郎,25
テスト太郎,25
テスト太郎,25
テスト太郎,25
テスト太郎,25
テスト太郎,25
テスト太郎,25
テスト太郎,25
テスト太郎,25
テスト太郎,25
テスト太郎,25
テスト太郎,25
テスト太郎,25
テスト太郎,25
テスト太郎,25
テスト太郎,25
テスト太郎,25
テスト太郎,25
テスト太郎,25
テスト太郎,25
テスト太郎,25
テスト太郎,25
テスト太郎,25
テスト太郎,25
テスト太郎,25
テスト太郎,25
テスト太郎,25
テスト太郎,25
テスト太郎,25
テスト太郎,25
テスト太郎,25
テスト太郎,25
テスト太郎,25
テスト太郎,25
テスト太郎,25
テスト太郎,25
テスト太郎,25
テスト太郎,25
テスト太郎,25
テスト太郎,25
テスト太郎,25
テスト太郎,25
テスト太郎,25
テスト太郎,25
テスト太郎,25
テスト太郎,25
テスト太郎,25
テスト太郎,25
テスト太郎,25
テスト太郎,25
テスト太郎,25
テスト太郎,25
テスト太郎,25
テスト太郎,25
テスト太郎,25
テスト太郎,25
テスト太郎,25
テスト太郎,25
テスト太郎,25
テスト太郎,25
テスト太郎,25
テスト太郎,25
テスト太郎,25
テスト太郎,25
テスト太郎,25
テスト太郎,25
テスト太郎,25
テスト太郎,25
テスト太郎,25
テスト太郎,25
テスト太郎,25
テスト太郎,25
テスト太郎,25
テスト太郎,25
テスト太郎,25
テスト太郎,25
テスト太郎,25
テスト太郎,25
テスト太郎,25
テスト太郎,25
テスト太郎,25
テスト太郎,25
テスト太郎,25
テスト太郎,25
テスト太郎,25
テスト太郎,25
テスト太郎,25
テスト太郎,25
テスト太郎,25
テスト太郎,25
テスト太郎,25
テスト太郎,25
テスト太郎,25
テスト太郎,25
テスト太郎,25
テスト太郎,25
テスト太郎,25
テスト太郎,25
テスト太郎,25
テスト太郎,25
テスト太郎,25
テスト太郎,25
テスト太郎,25
テスト太郎,25
テスト太郎,25
テスト太郎,25
テスト太郎,25
テスト太郎,25
テスト太郎,25
テスト太郎,25
テスト太郎,25
テスト太郎,25
テスト太郎,25
テスト太郎,25
テスト太郎,25
テスト太郎,25
テスト太郎,25
テスト太郎,25
テスト太郎,25
テスト太郎,25
テスト太郎,25
テスト太郎,25
テスト太郎,25
テスト太郎,25
テスト太郎,25
テスト太郎,25
テスト太郎,25
テスト太郎,25
テスト太郎,25
テスト太郎,25
テスト太郎,25
テスト太郎,25
テスト太郎,25
テスト太郎,25
テスト太郎,25
テスト太郎,25
テスト太郎,25
テスト太郎,25
テスト太郎,25
テスト太郎,25
テスト太郎,25
テスト太郎,25
テスト太郎,25
テスト太郎,25
テスト太郎,25
テスト太郎,25
テスト太郎,25
テスト太郎,25
テスト太郎,25
テスト太郎,25
テスト太郎,25
テスト太郎,25
テスト太郎,25
テスト太郎,25
テスト太郎,25
テスト太郎,25
テスト太郎,25
テスト太郎,25
テスト太郎,25
テスト太郎,25
テスト太郎,25
テスト太郎,25
テスト太郎,25
テスト太郎,25
テスト太郎,25
テスト太郎,25
テスト太郎,25
テスト太郎,25
テスト太郎,25
テスト太郎,25
テスト太郎,25
テスト太郎,25
テスト太郎,25
テスト太郎,25
テスト太郎,25
テスト太郎,25
テスト太郎,25
テスト太郎,25
テスト太郎,25
テスト太郎,25
テスト太郎,25
テスト太郎,25
テスト太郎,25
テスト太郎,25
テスト太郎,25
テスト太郎,25
テスト太郎,25
テスト太郎,25
テスト太郎,25
テスト太郎,25
テスト太郎,25
テスト太郎,25
テスト太郎,25
テスト太郎,25
テスト太郎,25
テスト太郎,25
テスト太郎,25
テスト太郎,25
テスト太郎,25
テスト太郎,25
テスト太郎,25
テスト太郎,25
テスト太郎,25
テスト太郎,25
テスト太郎,25
テスト太郎,25
テスト太郎,25
テスト太郎,25
テスト太郎,25
テスト太郎,25
テスト太郎,25
テスト太郎,25
テスト太郎,25
テスト太郎,25
テスト太郎,25
テスト太郎,25
テスト太郎,25
テスト太郎,25
テスト太郎,25
テスト太郎,25
テスト太郎,25
テスト太郎,25
テスト太郎,25
テスト太郎,25
テスト太郎,25
テスト太郎,25
テスト太郎,25
テスト太郎,25
テスト太郎,25
テスト太郎,25
テスト太郎,25
テスト太郎,25
テスト太郎,25
テスト太郎,25
テスト太郎,25
テスト太郎,25
テスト太郎,25
テスト太郎,25
テスト太郎,25
テスト太郎,25
テスト太郎,25
テスト太郎,25
テスト太郎,25
テスト太郎,25
テスト太郎,25
テスト太郎,25
テスト太郎,25
テスト太郎,25
テスト太郎,25
テスト太郎,25
テスト太郎,25
テスト太郎,25
テスト太郎,25
テスト太郎,25
テスト太郎,25
テスト太郎,25
テスト太郎,25
テスト太郎,25
テスト太郎,25
テスト太郎,25
テスト太郎,25
テスト太郎,25
テスト太郎,25
テスト太郎,25
テスト太郎,25
テスト太郎,25
テスト太郎,25
テスト太郎,25
テスト太郎,25
テスト太郎,25
テスト太郎,25
テスト太郎,25
テスト太郎,25
テスト太郎,25
テスト太郎,25
テスト太郎,25
テスト太郎,25
テスト太郎,25
テスト太郎,25
テスト太郎,25
テスト太郎,25
テスト太郎,25
テスト太郎,25
テスト太郎,25
テスト太郎,25
テスト太郎,25
テスト太郎,25
テスト太郎,25
テスト太郎,25
テスト太郎,25
テスト太郎,25
テスト太郎,25
テスト太郎,25
テスト太郎,25
テスト太郎,25
テスト太郎,25
テスト太郎,25
テスト太郎,25
テスト太郎,25
テスト太郎,25
テスト太郎,25
テスト太郎,25
テスト太郎,25
テスト太郎,25
テスト太郎,25
テスト太郎,25
テスト太郎,25
テスト太郎,25
テスト太郎,25
テスト太郎,25
テスト太郎,25
テスト太郎,25
テスト太郎,25
テスト太郎,25
テスト太郎,25
テスト太郎,25
テスト太郎,25
テスト太郎,25
テスト太郎,25
テスト太郎,25
テスト太郎,25
テスト太郎,25
テスト太郎,25
テスト太郎,25
テスト太郎,25
テスト太郎,25
テスト太郎,25
テスト太郎,25
テスト太郎,25
テスト太郎,25
テスト太郎,25
テスト太郎,25
テスト太郎,25
テスト太郎,25
テスト太郎,25
テスト太郎,25
テスト太郎,25
テスト太郎,25
テスト太郎,25
テスト太郎,25
テスト太郎,25
テスト太郎,25
テスト太郎,25
テスト太郎,25
テスト太郎,25
テスト太郎,25
テスト太郎,25
テスト太郎,25
テスト太郎,25
テスト太郎,25
テスト太郎,25
テスト太郎,25
テスト太郎,25
テスト太郎,25
テスト太郎,25
テスト太郎,25
テスト太郎,25
テスト太郎,25
テスト太郎,25
テスト太郎,25
テスト太郎,25
テスト太郎,25
テスト太郎,25
テスト太郎,25
テスト太郎,25
テスト太郎,25
テスト太郎,25
テスト太郎,25
テスト太郎,25
テスト太郎,25
テスト太郎,25
テスト太郎,25
テスト太郎,25
テスト太郎,25
テスト太郎,25
テスト太郎,25
テスト太郎,25
テスト太郎,25
テスト太郎,25
テスト太郎,25
テスト太郎,25
テスト太郎,25
テスト太郎,25
テスト太郎,25
テスト太郎,25
テスト太郎,25
テスト太郎,25
テスト太郎,25
テスト太郎,25
テスト太郎,25
テスト太郎,25
テスト太郎,25
テスト太郎,25
テスト太郎,25
テスト太郎,25
テスト太郎,25
テスト太郎,25
テスト太郎,25
テスト太郎,25
テスト太郎,25
テスト太郎,25
テスト太郎,25
テスト太郎,25
テスト太郎,25
テスト太郎,25
テスト太郎,25
テスト太郎,25
テスト太郎,25
テスト太郎,25
テスト太郎,25
テスト太郎,25
テスト太郎,25
テスト太郎,25
テスト太郎,25
テスト太郎,25
テスト太郎,25
テスト太郎,25
テスト太郎,25
テスト太郎,25
テスト太郎,25
テスト太郎,25
テスト太郎,25
テスト太郎,25
テスト太郎,25
テスト太郎,25
テスト太郎,25
テスト太郎,25
テスト太郎,25
テスト太郎,25
テスト太郎,25
テスト太郎,25
テスト太郎,25
テスト太郎,25
テスト太郎,25
テスト太郎,25
テスト太郎,25
テスト太郎,25
テスト太郎,25
テスト太郎,25
テスト太郎,25
テスト太郎,25
テスト太郎,25
テスト太郎,25
テスト太郎,25
テスト太郎,25
テスト太郎,25
テスト太郎,25
テスト太郎,25
テスト太郎,25
テスト太郎,25
テスト太郎,25
テスト太郎,25
テスト太郎,25
テスト太郎,25
テスト太郎,25
テスト太郎,25
テスト太郎,25
テスト太郎,25
テスト太郎,25
テスト太郎,25
テスト太郎,25
テスト太郎,25
テスト太郎,25
テスト太郎,25
テスト太郎,25
テスト太郎,25
テスト太郎,25
テスト太郎,25
テスト太郎,25
テスト太郎,25
テスト太郎,25
テスト太郎,25
テスト太郎,25
テスト太郎,25
テスト太郎,25
テスト太郎,25
テスト太郎,25
テスト太郎,25
テスト太郎,25
テスト太郎,25
テスト太郎,25
テスト太郎,25
テスト太郎,25
テスト太郎,25
テスト太郎,25
テスト太郎,25
テスト太郎,25
テスト太郎,25
テスト太郎,25
テスト太郎,25
テスト太郎,25
テスト太郎,25
テスト太郎,25
テスト太郎,25
テスト太郎,25
テスト太郎,25
テスト太郎,25
テスト太郎,25
テスト太郎,25
テスト太郎,25
テスト太郎,25
テスト太郎,25
テスト太郎,25
テスト太郎,25
テスト太郎,25
テスト太郎,25
テスト太郎,25
テスト太郎,25
テスト太郎,25
テスト太郎,25
テスト太郎,25
テスト太郎,25
テスト太郎,25
テスト太郎,25
テスト太郎,25
テスト太郎,25
テスト太郎,25
テスト太郎,25
テスト太郎,25
テスト太郎,25
テスト太郎,25
テスト太郎,25
テスト太郎,25
テスト太郎,25
テスト太郎,25
テスト太郎,25
テスト太郎,25
テスト太郎,25
テスト太郎,25
テスト太郎,25
テスト太郎,25
テスト太郎,25
テスト太郎,25
テスト太郎,25
テスト太郎,25
テスト太郎,25
テスト太郎,25
テスト太郎,25
テスト太郎,25
テスト太郎,25
テスト太郎,25
テスト太郎,25
テスト太郎,25
テスト太郎,25
テスト太郎,25
テスト太郎,25
テスト太郎,25
テスト太郎,25
テスト太郎,25
テスト太郎,25
テスト太郎,25
テスト太郎,25
テスト太郎,25
テスト太郎,25
テスト太郎,25
テスト太郎,25
テスト太郎,25
テスト太郎,25
テスト太郎,25
テスト太郎,25
テスト太郎,25
テスト太郎,25
テスト太郎,25
テスト太郎,25
テスト太郎,25
テスト太郎,25
テスト太郎,25
テスト太郎,25
テスト太郎,25
テスト太郎,25
テスト太郎,25
テスト太郎,25
テスト太郎,25
テスト太郎,25
テスト太郎,25
テスト太郎,25
テスト太郎,25
テスト太郎,25
テスト太郎,25
テスト太郎,25
テスト太郎,25
テスト太郎,25
テスト太郎,25
テスト太郎,25
テスト太郎,25
テスト太郎,25
テスト太郎,25
テスト太郎,25
テスト太郎,25
テスト太郎,25
テスト太郎,25
テスト太郎,25
テスト太郎,25
テスト太郎,25
テスト太郎,25
テスト太郎,25
テスト太郎,25
テスト太郎,25
テスト太郎,25
テスト太郎,25
テスト太郎,25
テスト太郎,25
テスト太郎,25
テスト太郎,25
テスト太郎,25
テスト太郎,25
テスト太郎,25
テスト太郎,25
テスト太郎,25
テスト太郎,25
テスト太郎,25
テスト太郎,25
テスト太郎,25
テスト太郎,25
テスト太郎,25
テスト太郎,25
テスト太郎,25
テスト太郎,25
テスト太郎,25
テスト太郎,25
テスト太郎,25
テスト太郎,25
テスト太郎,25
テスト太郎,25
テスト太郎,25
テスト太郎,25
テスト太郎,25
テスト太郎,25
テスト太郎,25
テスト太郎,25
テスト太郎,25
テスト太郎,25
テスト太郎,25
テスト太郎,25
テスト太郎,25
テスト太郎,25
テスト太郎,25
テスト太郎,25
テスト太郎,25
テスト太郎,25
テスト太郎,25
テスト太郎,25
テスト太郎,25
テスト太郎,25
テスト太郎,25
テスト太郎,25
テスト太郎,25
テスト太郎,25
テスト太郎,25
テスト太郎,25
テスト太郎,25
テスト太郎,25
テスト太郎,25
テスト太郎,25
テスト太郎,25
テスト太郎,25
テスト太郎,25
テスト太郎,25
テスト太郎,25
テスト太郎,25
テスト太郎,25
テスト太郎,25
テスト太郎,25
テスト太郎,25
テスト太郎,25
テスト太郎,25
テスト太郎,25
テスト太郎,25
テスト太郎,25
テスト太郎,25
テスト太郎,25
テスト太郎,25
テスト太郎,25
テスト太郎,25
テスト太郎,25
テスト太郎,25
テスト太郎,25
テスト太郎,25
テスト太郎,25
テスト太郎,25
テスト太郎,25
テスト太郎,25
テスト太郎,25
テスト太郎,25
テスト太郎,25
テスト太郎,25
テスト太郎,25
テスト太郎,25
テスト太郎,25
テスト太郎,25
テスト太郎,25
テスト太郎,25
テスト太郎,25
テスト太郎,25
テスト太郎,25
テスト太郎,25
テスト太郎,25
テスト太郎,25
テスト太郎,25
テスト太郎,25
テスト太郎,25
テスト太郎,25
テスト太郎,25
テスト太郎,25
テスト太郎,25
テスト太郎,25
テスト太郎,25
テスト太郎,25
テスト太郎,25
テスト太郎,25
テスト太郎,25
テスト太郎,25
テスト太郎,25
テスト太郎,25
テスト太郎,25
テスト太郎,25
テスト太郎,25
テスト太郎,25
テスト太郎,25
テスト太郎,25
テスト太郎,25
テスト太郎,25
テスト太郎,25
テスト太郎,25
テスト太郎,25
テスト太郎,25
テスト太郎,25
テスト太郎,25
テスト太郎,25
テスト太郎,25
テスト太郎,25
テスト太郎,25
テスト太郎,25
テスト太郎,25
テスト太郎,25
テスト太郎,25
テスト太郎,25
テスト太郎,25
テスト太郎,25
テスト太郎,25
テスト太郎,25
テスト太郎,25
テスト太郎,25
テスト太郎,25
テスト太郎,25
テスト太郎,25
テスト太郎,25
テスト太郎,25
テスト太郎,25
テスト太郎,25
テスト太郎,25
テスト太郎,25
テスト太郎,25
テスト太郎,25
テスト太郎,25
テスト太郎,25
テスト太郎,25
テスト太郎,25
テスト太郎,25
テスト太郎,25
テスト太郎,25
テスト太郎,25
テスト太郎,25
テスト太郎,25
テスト太郎,25
テスト太郎,25
テスト太郎,25
テスト太郎,25
テスト太郎,25
テスト太郎,25
テスト太郎,25
テスト太郎,25
テスト太郎,25
テスト太郎,25
テスト太郎,25
テスト太郎,25
テスト太郎,25
テスト太郎,25
テスト太郎,25
テスト太郎,25
テスト太郎,25
テスト太郎,25
テスト太郎,25
テスト太郎,25
テスト太郎,25
テスト太郎,25
テスト太郎,25
テスト太郎,25
テスト太郎,25
テスト太郎,25
テスト太郎,25
テスト太郎,25
テスト太郎,25
テスト太郎,25
テスト太郎,25
テスト太郎,25
テスト太郎,25
テスト太郎,25
テスト太郎,25
テスト太郎,25
テスト太郎,25
テスト太郎,25
テスト太郎,25
テスト太郎,25
テスト太郎,25
テスト太郎,25
テスト太郎,25
テスト太郎,25
テスト太郎,25
テスト太郎,25
テスト太郎,25
テスト太郎,25
テスト太郎,25
テスト太郎,25
テスト太郎,25
テスト太郎,25
テスト太郎,25
テスト太郎,25
テスト太郎,25
テスト太郎,25
テスト太郎,25
テスト太郎,25
テスト太郎,25
テスト太郎,25
テスト太郎,25
テスト太郎,25
テスト太郎,25
テスト太郎,25
テスト太郎,25
テスト太郎,25
テスト太郎,25
テスト太郎,25
テスト太郎,25
テスト太郎,25
テスト太郎,25
テスト太郎,25
テスト太郎,25
テスト太郎,25
テスト太郎,25
テスト太郎,25
テスト太郎,25
テスト太郎,25
テスト太郎,25
テスト太郎,25
テスト太郎,25
テスト太郎,25
テスト太郎,25
テスト太郎,25
テスト太郎,25
テスト太郎,25
テスト太郎,25
テスト太郎,25
テスト太郎,25
テスト太郎,25
テスト太郎,25
テスト太郎,25
テスト太郎,25
テスト太郎,25
テスト太郎,25
テスト太郎,25
テスト太郎,25
テスト太郎,25
テスト太郎,25
テスト太郎,25
テスト太郎,25
テスト太郎,25
テスト太郎,25
テスト太郎,25
テスト太郎,25
テスト太郎,25
テスト太郎,25
テスト太郎,25
テスト太郎,25
テスト太郎,25
テスト太郎,25
テスト太郎,25
テスト太郎,25
テスト太郎,25
テスト太郎,25
テスト太郎,25
テスト太郎,25
テスト太郎,25
テスト太郎,25
テスト太郎,25
テスト太郎,25
テスト太郎,25
テスト太郎,25
テスト太郎,25
テスト太郎,25
テスト太郎,25
テスト太郎,25
テスト太郎,25
テスト太郎,25
テスト太郎,25
テスト太郎,25
テスト太郎,25
テスト太郎,25
テスト太郎,25
テスト太郎,25
テスト太郎,25
テスト太郎,25
テスト太郎,25
テスト太郎,25
テスト太郎,25
テスト太郎,25
テスト太郎,25
テスト太郎,25
テスト太郎,25
テスト太郎,25
テスト太郎,25
テスト太郎,25
テスト太郎,25
テスト太郎,25
テスト太郎,25
テスト太郎,25
テスト太郎,25
テスト太郎,25
テスト太郎,25
テスト太郎,25
テスト太郎,25
テスト太郎,25
テスト太郎,25
テスト太郎,25
テスト太郎,25
テスト太郎,25
テスト太郎,25
テスト太郎,25
テスト太郎,25
テスト太郎,25
テスト太郎,25
テスト太郎,25
テスト太郎,25
テスト太郎,25
テスト太郎,25
テスト太郎,25
テスト太郎,25
テスト太郎,25
テスト太郎,25
テスト太郎,25
テスト太郎,25
テスト太郎,25
テスト太郎,25
テスト太郎,25
テスト太郎,25
テスト太郎,25
テスト太郎,25
テスト太郎,25
テスト太郎,25
テスト太郎,25
テスト太郎,25
テスト太郎,25
テスト太郎,25
テスト太郎,25
テスト太郎,25
テスト太郎,25
テスト太郎,25
テスト太郎,25
テスト太郎,25
テスト太郎,25
テスト太郎,25
テスト太郎,25
テスト太郎,25
テスト太郎,25
テスト太郎,25
テスト太郎,25
テスト太郎,25
テスト太郎,25
テスト太郎,25
テスト太郎,25
テスト太郎,25
テスト太郎,25
テスト太郎,25
テスト太郎,25
テスト太郎,25
テスト太郎,25
テスト太郎,25
テスト太郎,25
テスト太郎,25
テスト太郎,25
テスト太郎,25
テスト太郎,25
テスト太郎,25
テスト太郎,25
テスト太郎,25
テスト太郎,25
テスト太郎,25
テスト太郎,25
テスト太郎,25
テスト太郎,25
テスト太郎,25
テスト太郎,25
テスト太郎,25
テスト太郎,25
テスト太郎,25
テスト太郎,25
テスト太郎,25
テスト太郎,25
テスト太郎,25
テスト太郎,25
テスト太郎,25
テスト太郎,25
テスト太郎,25
テスト太郎,25
テスト太郎,25
テスト太郎,25
テスト太郎,25
テスト太郎,25
テスト太郎,25
テスト太郎,25
テスト太郎,25
テスト太郎,25
テスト太郎,25
テスト太郎,25
テスト太郎,25
テスト太郎,25
テスト太郎,25
テスト太郎,25
テスト太郎,25
テスト太郎,25
テスト太郎,25
テスト太郎,25
テスト太郎,25
テスト太郎,25
テスト太郎,25
テスト太郎,25
テスト太郎,25
テスト太郎,25
テスト太郎,25
テスト太郎,25
テスト太郎,25
テスト太郎,25
テスト太郎,25
テスト太郎,25
テスト太郎,25
テスト太郎,25
テスト太郎,25
テスト太郎,25
テスト太郎,25
テスト太郎,25
テスト太郎,25
テスト太郎,25
テスト太郎,25
テスト太郎,25
テスト太郎,25
テスト太郎,25
テスト太郎,25
テスト太郎,25
テスト太郎,25
テスト太郎,25
テスト太郎,25
テスト太郎,25
テスト太郎,25
テスト太郎,25
テスト太郎,25
テスト太郎,25
テスト太郎,25
テスト太郎,25
テスト太郎,25
テスト太郎,25
テスト太郎,25
テスト太郎,25
テスト太郎,25
テスト太郎,25
テスト太郎,25
テスト太郎,25
テスト太郎,25
テスト太郎,25
テスト太郎,25
テスト太郎,25
テスト太郎,25
テスト太郎,25
テスト太郎,25
テスト太郎,25
テスト太郎,25
テスト太郎,25
テスト太郎,25
テスト太郎,25
テスト太郎,25
テスト太郎,25
テスト太郎,25
テスト太郎,25
テスト太郎,25
テスト太郎,25
テスト太郎,25
テスト太郎,25
テスト太郎,25
テスト太郎,25
テスト太郎,25
テスト太郎,25
テスト太郎,25
テスト太郎,25
テスト太郎,25
テスト太郎,25
テスト太郎,25
テスト太郎,25
テスト太郎,25
テスト太郎,25
テスト太郎,25
テスト太郎,25
テスト太郎,25
テスト太郎,25
テスト太郎,25
テスト太郎,25
テスト太郎,25
テスト太郎,25
テスト太郎,25
テスト太郎,25
テスト太郎,25
テスト太郎,25
テスト太郎,25
テスト太郎,25
テスト太郎,25
テスト太郎,25
テスト太郎,25
テスト太郎,25
テスト太郎,25
テスト太郎,25
テスト太郎,25
テスト太郎,25
テスト太郎,25
テスト太郎,25
テスト太郎,25
テスト太郎,25
テスト太郎,25
テスト太郎,25
テスト太郎,25
テスト太郎,25
テスト太郎,25
テスト太郎,25
テスト太郎,25
テスト太郎,25
テスト太郎,25
テスト太郎,25
テスト太郎,25
テスト太郎,25
テスト太郎,25
テスト太郎,25
テスト太郎,25
テスト太郎,25
テスト太郎,25
テスト太郎,25
テスト太郎,25
テスト太郎,25
テスト太郎,25
テスト太郎,25
テスト太郎,25
テスト太郎,25
テスト太郎,25
テスト太郎,25
テスト太郎,25
テスト太郎,25
テスト太郎,25
テスト太郎,25
テスト太郎,25
テスト太郎,25
テスト太郎,25
テスト太郎,25
テスト太郎,25
テスト太郎,25
テスト太郎,25
テスト太郎,25
テスト太郎,25
テスト太郎,25
テスト太郎,25
テスト太郎,25
テスト太郎,25
テスト太郎,25
テスト太郎,25
テスト太郎,25
テスト太郎,25
テスト太郎,25
テスト太郎,25
テスト太郎,25
テスト太郎,25
テスト太郎,25
テスト太郎,25
テスト太郎,25
テスト太郎,25
テスト太郎,25
テスト太郎,25
テスト太郎,25
テスト太郎,25
テスト太郎,25
テスト太郎,25
テスト太郎,25
テスト太郎,25
テスト太郎,25
テスト太郎,25
テスト太郎,25
テスト太郎,25
テスト太郎,25
テスト太郎,25
テスト太郎,25
テスト太郎,25
テスト太郎,25
テスト太郎,25
テスト太郎,25
テスト太郎,25
テスト太郎,25
テスト太郎,25
テスト太郎,25
テスト太郎,25
テスト太郎,25
テスト太郎,25
テスト太郎,25
テスト太郎,25
テスト太郎,25
テスト太郎,25
テスト太郎,25
テスト太郎,25
テスト太郎,25
テスト太郎,25
テスト太郎,25
テスト太郎,25
テスト太郎,25
テスト太郎,25
テスト太郎,25
テスト太郎,25
テスト太郎,25
テスト太郎,25
テスト太郎,25
テスト太郎,25
テスト太郎,25
テスト太郎,25
テスト太郎,25
テスト太郎,25
テスト太郎,25
テスト太郎,25
テスト太郎,25
テスト太郎,25
テスト太郎,25
テスト太郎,25
テスト太郎,25
テスト太郎,25
テスト太郎,25
テスト太郎,25
テスト太郎,25
テスト太郎,25
テスト太郎,25
テスト太郎,25
テスト太郎,25
テスト太郎,25
テスト太郎,25
テスト太郎,25
テスト太郎,25
テスト太郎,25
テスト太郎,25
テスト太郎,25
テスト太郎,25
テスト太郎,25
テスト太郎,25
テスト太郎,25
テスト太郎,25
テスト太郎,25
テスト太郎,25
テスト太郎,25
テスト太郎,25
テスト太郎,25
テスト太郎,25
テスト太郎,25
テスト太郎,25
テスト太郎,25
テスト太郎,25
テスト太郎,25
テスト太郎,25
テスト太郎,25
テスト太郎,25
テスト太郎,25
テスト太郎,25
テスト太郎,25
テスト太郎,25
テスト太郎,25
テスト太郎,25
テスト太郎,25
テスト太郎,25
テスト太郎,25
テスト太郎,25
テスト太郎,25
テスト太郎,25
テスト太郎,25
テスト太郎,25
テスト太郎,25
テスト太郎,25
テスト太郎,25
テスト太郎,25
テスト太郎,25
テスト太郎,25
テスト太郎,25
テスト太郎,25
テスト太郎,25
テスト太郎,25
テスト太郎,25
テスト太郎,25
テスト太郎,25
テスト太郎,25
テスト太郎,25
テスト太郎,25
テスト太郎,25
テスト太郎,25
テスト太郎,25
テスト太郎,25
テスト太郎,25
テスト太郎,25
テスト太郎,25
テスト太郎,25
テスト太郎,25
テスト太郎,25
テスト太郎,25
テスト太郎,25
テスト太郎,25
テスト太郎,25
テスト太郎,25
テスト太郎,25
テスト太郎,25
テスト太郎,25
テスト太郎,25
テスト太郎,25
テスト太郎,25
テスト太郎,25
テスト太郎,25
テスト太郎,25
テスト太郎,25
テスト太郎,25
テスト太郎,25
テスト太郎,25
テスト太郎,25
テスト太郎,25
テスト太郎,25
テスト太郎,25
テスト太郎,25
テスト太郎,25
テスト太郎,25
テスト太郎,25
テスト太郎,25
テスト太郎,25
テスト太郎,25
テスト太郎,25
テスト太郎,25
テスト太郎,25
テスト太郎,25
テスト太郎,25
テスト太郎,25
テスト太郎,25
テスト太郎,25
テスト太郎,25
テスト太郎,25
テスト太郎,25
テスト太郎,25
テスト太郎,25
テスト太郎,25
テスト太郎,25
テスト太郎,25
テスト太郎,25
テスト太郎,25
テスト太郎,25
テスト太郎,25
テスト太郎,25
テスト太郎,25
テスト太郎,25
テスト太郎,25
テスト太郎,25
テスト太郎,25
テスト太郎,25
テスト太郎,25
テスト太郎,25
テスト太郎,25
テスト太郎,25
テスト太郎,25
テスト太郎,25
テスト太郎,25
テスト太郎,25
テスト太郎,25
テスト太郎,25
テスト太郎,25
テスト太郎,25
テスト太郎,25
テスト太郎,25
テスト太郎,25
テスト太郎,25
テスト太郎,25
テスト太郎,25
テスト太郎,25
テスト太郎,25
テスト太郎,25
テスト太郎,25
テスト太郎,25
テスト太郎,25
テスト太郎,25
テスト太郎,25
テスト太郎,25
テスト太郎,25
テスト太郎,25
テスト太郎,25
テスト太郎,25
テスト太郎,25
テスト太郎,25
テスト太郎,25
テスト太郎,25
テスト太郎,25
テスト太郎,25
テスト太郎,25
テスト太郎,25
テスト太郎,25
テスト太郎,25
テスト太郎,25
テスト太郎,25
テスト太郎,25
テスト太郎,25
テスト太郎,25
テスト太郎,25
テスト太郎,25
テスト太郎,25
テスト太郎,25
テスト太郎,25
テスト太郎,25
テスト太郎,25
テスト太郎,25
テスト太郎,25
テスト太郎,25
テスト太郎,25
テスト太郎,25
テスト太郎,25
テスト太郎,25
テスト太郎,25
テスト太郎,25
テスト太郎,25
テスト太郎,25
テスト太郎,25
テスト太郎,25
テスト太郎,25
テスト太郎,25
テスト太郎,25
テスト太郎,25
テスト太郎,25
テスト太郎,25
テスト太郎,25
テスト太郎,25
テスト太郎,25
テスト太郎,25
テスト太郎,25
テスト太郎,25
テスト太郎,25
テスト太郎,25
テスト太郎,25
テスト太郎,25
テスト太郎,25
テスト太郎,25
テスト太郎,25
テスト太郎,25
テスト太郎,25
テスト太郎,25
テスト太郎,25
テスト太郎,25
テスト太郎,25
テスト太郎,25
テスト太郎,25
テスト太郎,25
テスト太郎,25
テスト太郎,25
テスト太郎,25
テスト太郎,25
テスト太郎,25
テスト太郎,25
テスト太郎,25
テスト太郎,25
テスト太郎,25
テスト太郎,25
テスト太郎,25
テスト太郎,25
テスト太郎,25
テスト太郎,25
テスト太郎,25
テスト太郎,25
テスト太郎,25
テスト太郎,25
テスト太郎,25
テスト太郎,25
テスト太郎,25
テスト太郎,25
テスト太郎,25
テスト太郎,25
テスト太郎,25
テスト太郎,25
テスト太郎,25
テスト太郎,25
テスト太郎,25
テスト太郎,25
テスト太郎,25
テスト太郎,25
テスト太郎,25
テスト太郎,25
テスト太郎,25
テスト太郎,25
テスト太郎,25
テスト太郎,25
テスト太郎,25
テスト太郎,25
テスト太郎,25
テスト太郎,25
テスト太郎,25
テスト太郎,25
テスト太郎,25
テスト太郎,25
テスト太郎,25
テスト太郎,25
テスト太郎,25
テスト太郎,25
テスト太郎,25
テスト太郎,25
テスト太郎,25
テスト太郎,25
テスト太郎,25
テスト太郎,25
テスト太郎,25
テスト太郎,25
テスト太郎,25
テスト太郎,25
テスト太郎,25
テスト太郎,25
テスト太郎,25
テスト太郎,25
テスト太郎,25
テスト太郎,25
テスト太郎,25
テスト太郎,25
テスト太郎,25
テスト太郎,25
テスト太郎,25
テスト太郎,25
テスト太郎,25
テスト太郎,25
テスト太郎,25
テスト太郎,25
テスト太郎,25
テスト太郎,25
テスト太郎,25
テスト太郎,25
テスト太郎,25
テスト太郎,25
テスト太郎,25
テスト太郎,25
テスト太郎,25
テスト太郎,25
テスト太郎,25
テスト太郎,25
テスト太郎,25
テスト太郎,25
テスト太郎,25
テスト太郎,25
テスト太郎,25
テスト太郎,25
テスト太郎,25
テスト太郎,25
テスト太郎,25
テスト太郎,25
テスト太郎,25
テスト太郎,25
テスト太郎,25
テスト太郎,25
テスト太郎,25
テスト太郎,25
テスト太郎,25
テスト太郎,25
テスト太郎,25
テスト太郎,25
テスト太郎,25
テスト太郎,25
テスト太郎,25
テスト太郎,25
テスト太郎,25
テスト太郎,25
テスト太郎,25
テスト太郎,25
テスト太郎,25
テスト太郎,25
テスト太郎,25
テスト太郎,25
テスト太郎,25
テスト太郎,25
テスト太郎,25
テスト太郎,25
テスト太郎,25
テスト太郎,25
テスト太郎,25
テスト太郎,25
テスト太郎,25
テスト太郎,25
テスト太郎,25
テスト太郎,25
テスト太郎,25
テスト太郎,25
テスト太郎,25
テスト太郎,25
テスト太郎,25
テスト太郎,25
テスト太郎,25
テスト太郎,25
テスト太郎,25
テスト太郎,25
テスト太郎,25
テスト太郎,25
テスト太郎,25
テスト太郎,25
テスト太郎,25
テスト太郎,25
テスト太郎,25
テスト太郎,25
テスト太郎,25
テスト太郎,25
テスト太郎,25
テスト太郎,25
テスト太郎,25
テスト太郎,25
テスト太郎,25
テスト太郎,25
テスト太郎,25
テスト太郎,25
テスト太郎,25
テスト太郎,25
テスト太郎,25
テスト太郎,25
テスト太郎,25
テスト太郎,25
テスト太郎,25
テスト太郎,25
テスト太郎,25
テスト太郎,25
テスト太郎,25
テスト太郎,25
テスト太郎,25
テスト太郎,25
テスト太郎,25
テスト太郎,25
テスト太郎,25
テスト太郎,25
テスト太郎,25
テスト太郎,25
テスト太郎,25
テスト太郎,25
テスト太郎,25
テスト太郎,25
テスト太郎,25
テスト太郎,25
テスト太郎,25
テスト太郎,25
テスト太郎,25
テスト太郎,25
テスト太郎,25
テスト太郎,25
テスト太郎,25
テスト太郎,25
テスト太郎,25
テスト太郎,25
テスト太郎,25
テスト太郎,25
テスト太郎,25
テスト太郎,25
テスト太郎,25
テスト太郎,25
テスト太郎,25
テスト太郎,25
テスト太郎,25
テスト太郎,25
テスト太郎,25
テスト太郎,25
テスト太郎,25
テスト太郎,25
テスト太郎,25
テスト太郎,25
テスト太郎,25
テスト太郎,25
テスト太郎,25
テスト太郎,25
テスト太郎,25
テスト太郎,25
テスト太郎,25
テスト太郎,25
テスト太郎,25
テスト太郎,25
テスト太郎,25
テスト太郎,25
テスト太郎,25
テスト太郎,25
テスト太郎,25
テスト太郎,25
テスト太郎,25
テスト太郎,25
テスト太郎,25
テスト太郎,25
テスト太郎,25
テスト太郎,25
テスト太郎,25
テスト太郎,25
テスト太郎,25
テスト太郎,25
テスト太郎,25
テスト太郎,25
テスト太郎,25
テスト太郎,25
テスト太郎,25
テスト太郎,25
テスト太郎,25
テスト太郎,25
テスト太郎,25
テスト太郎,25
テスト太郎,25
テスト太郎,25
テスト太郎,25
テスト太郎,25
テスト太郎,25
テスト太郎,25
テスト太郎,25
テスト太郎,25
テスト太郎,25
テスト太郎,25
テスト太郎,25
テスト太郎,25
テスト太郎,25
テスト太郎,25
テスト太郎,25
テスト太郎,25
テスト太郎,25
テスト太郎,25
テスト太郎,25
テスト太郎,25
テスト太郎,25
テスト太郎,25
テスト太郎,25
テスト太郎,25
テスト太郎,25
テスト太郎,25
テスト太郎,25
テスト太郎,25
テスト太郎,25
テスト太郎,25
テスト太郎,25
テスト太郎,25
テスト太郎,25
テスト太郎,25
テスト太郎,25
テスト太郎,25
テスト太郎,25
テスト太郎,25
テスト太郎,25
テスト太郎,25
テスト太郎,25
テスト太郎,25
テスト太郎,25
テスト太郎,25
テスト太郎,25
テスト太郎,25
テスト太郎,25
テスト太郎,25
テスト太郎,25
テスト太郎,25
テスト太郎,25
テスト太郎,25
テスト太郎,25
テスト太郎,25
テスト太郎,25
テスト太郎,25
テスト太郎,25
テスト太郎,25
テスト太郎,25
テスト太郎,25
テスト太郎,25
テスト太郎,25
テスト太郎,25
テスト太郎,25
テスト太郎,25
テスト太郎,25
テスト太郎,25
テスト太郎,25
テスト太郎,25
テスト太郎,25
テスト太郎,25
テスト太郎,25
テスト太郎,25
テスト太郎,25
テスト太郎,25
テスト太郎,25
テスト太郎,25
テスト太郎,25
テスト太郎,25
テスト太郎,25
テスト太郎,25
テスト太郎,25
テスト太郎,25
テスト太郎,25
テスト太郎,25
テスト太郎,25
テスト太郎,25
テスト太郎,25
テスト太郎,25
テスト太郎,25
テスト太郎,25
テスト太郎,25
テスト太郎,25
テスト太郎,25
テスト太郎,25
テスト太郎,25
テスト太郎,25
テスト太郎,25
テスト太郎,25
テスト太郎,25
テスト太郎,25
テスト太郎,25
テスト太郎,25
テスト太郎,25
テスト太郎,25
テスト太郎,25
テスト太郎,25
テスト太郎,25
テスト太郎,25
テスト太郎,25
テスト太郎,25
テスト太郎,25
テスト太郎,25
テスト太郎,25
テスト太郎,25
テスト太郎,25
テスト太郎,25
テスト太郎,25
テスト太郎,25
テスト太郎,25
テスト太郎,25
テスト太郎,25
テスト太郎,25
テスト太郎,25
テスト太郎,25
テスト太郎,25
テスト太郎,25
テスト太郎,25
テスト太郎,25
テスト太郎,25
テスト太郎,25
テスト太郎,25
テスト太郎,25
テスト太郎,25
テスト太郎,25
テスト太郎,25
テスト太郎,25
テスト太郎,25
テスト太郎,25
テスト太郎,25
テスト太郎,25
テスト太郎,25
テスト太郎,25
テスト太郎,25
テスト太郎,25
テスト太郎,25
テスト太郎,25
テスト太郎,25
テスト太郎,25
テスト太郎,25
テスト太郎,25
テスト太郎,25
テスト太郎,25
テスト太郎,25
テスト太郎,25
テスト太郎,25
テスト太郎,25
テスト太郎,25
テスト太郎,25
テスト太郎,25
テスト太郎,25
テスト太郎,25
テスト太郎,25
テスト太郎,25
テスト太郎,25
テスト太郎,25
テスト太郎,25
テスト太郎,25
テスト太郎,25
テスト太郎,25
テスト太郎,25
テスト太郎,25
テスト太郎,25
テスト太郎,25
テスト太郎,25
テスト太郎,25
テスト太郎,25
テスト太郎,25
テスト太郎,25
テスト太郎,25
テスト太郎,25
テスト太郎,25
テスト太郎,25
テスト太郎,25
テスト太郎,25
テスト太郎,25
テスト太郎,25
テスト太郎,25
テスト太郎,25
テスト太郎,25
テスト太郎,25
テスト太郎,25
テスト太郎,25
テスト太郎,25
テスト太郎,25
テスト太郎,25
テスト太郎,25
テスト太郎,25
テスト太郎,25
テスト太郎,25
テスト太郎,25
テスト太郎,25
テスト太郎,25
テスト太郎,25
テスト太郎,25
テスト太郎,25
テスト太郎,25
テスト太郎,25
テスト太郎,25
テスト太郎,25
テスト太郎,25
テスト太郎,25
テスト太郎,25
テスト太郎,25
テスト太郎,25
テスト太郎,25
テスト太郎,25
テスト太郎,25
テスト太郎,25
テスト太郎,25
テスト太郎,25
テスト太郎,25
テスト太郎,25
テスト太郎,25
テスト太郎,25
テスト太郎,25
テスト太郎,25
テスト太郎,25
テスト太郎,25
テスト太郎,25
テスト太郎,25
テスト太郎,25
テスト太郎,25
テスト太郎,25
テスト太郎,25
テスト太郎,25
テスト太郎,25
テスト太郎,25
テスト太郎,25
テスト太郎,25
テスト太郎,25
テスト太郎,25
テスト太郎,25
テスト太郎,25
テスト太郎,25
テスト太郎,25
テスト太郎,25
テスト太郎,25
テスト太郎,25
テスト太郎,25
テスト太郎,25
テスト太郎,25
テスト太郎,25
テスト太郎,25
テスト太郎,25
テスト太郎,25
テスト太郎,25
テスト太郎,25
テスト太郎,25
テスト太郎,25
テスト太郎,25
テスト太郎,25
テスト太郎,25
テスト太郎,25
テスト太郎,25
テスト太郎,25
テスト太郎,25
テスト太郎,25
テスト太郎,25
テスト太郎,25
テスト太郎,25
テスト太郎,25
テスト太郎,25
テスト太郎,25
テスト太郎,25
テスト太郎,25
テスト太郎,25
テスト太郎,25
テスト太郎,25
テスト太郎,25
テスト太郎,25
テスト太郎,25
テスト太郎,25
テスト太郎,25
テスト太郎,25
テスト太郎,25
テスト太郎,25
テスト太郎,25
テスト太郎,25
テスト太郎,25
テスト太郎,25
テスト太郎,25
テスト太郎,25
テスト太郎,25
テスト太郎,25
テスト太郎,25
テスト太郎,25
テスト太郎,25
テスト太郎,25
テスト太郎,25
テスト太郎,25
テスト太郎,25
テスト太郎,25
テスト太郎,25
テスト太郎,25
テスト太郎,25
テスト太郎,25
テスト太郎,25
テスト太郎,25
テスト太郎,25
テスト太郎,25
テスト太郎,25
テスト太郎,25
テスト太郎,25
テスト太郎,25
テスト太郎,25
テスト太郎,25
テスト太郎,25
テスト太郎,25
テスト太郎,25
テスト太郎,25
テスト太郎,25
テスト太郎,25
テスト太郎,25
テスト太郎,25
テスト太郎,25
テスト太郎,25
テスト太郎,25
テスト太郎,25
テスト太郎,25
テスト太郎,25
テスト太郎,25
テスト太郎,25
テスト太郎,25
テスト太郎,25
テスト太郎,25
テスト太郎,25
テスト太郎,25
テスト太郎,25
テスト太郎,25
テスト太郎,25
テスト太郎,25
テスト太郎,25
テスト太郎,25
テスト太郎,25
テスト太郎,25
テスト太郎,25
テスト太郎,25
テスト太郎,25
テスト太郎,25
テスト太郎,25
テスト太郎,25
テスト太郎,25
テスト太郎,25
テスト太郎,25
テスト太郎,25
テスト太郎,25
テスト太郎,25
テスト太郎,25
テスト太郎,25
テスト太郎,25
テスト太郎,25
テスト太郎,25
テスト太郎,25
テスト太郎,25
テスト太郎,25
テスト太郎,25
テスト太郎,25
テスト太郎,25
テスト太郎,25
テスト太郎,25
テスト太郎,25
テスト太郎,25
テスト太郎,25
テスト太郎,25
テスト太郎,25
テスト太郎,25
テスト太郎,25
テスト太郎,25
テスト太郎,25
テスト太郎,25
テスト太郎,25
テスト太郎,25
テスト太郎,25
テスト太郎,25
テスト太郎,25
テスト太郎,25
テスト太郎,25
テスト太郎,25
テスト太郎,25
テスト太郎,25
テスト太郎,25
テスト太郎,25
テスト太郎,25
テスト太郎,25
テスト太郎,25
テスト太郎,25
テスト太郎,25
テスト太郎,25
テスト太郎,25
テスト太郎,25
テスト太郎,25
テスト太郎,25
テスト太郎,25
テスト太郎,25
テスト太郎,25
テスト太郎,25
テスト太郎,25
テスト太郎,25
テスト太郎,25
テスト太郎,25
テスト太郎,25
テスト太郎,25
テスト太郎,25
テスト太郎,25
テスト太郎,25
テスト太郎,25
テスト太郎,25
テスト太郎,25
テスト太郎,25
テスト太郎,25
テスト太郎,25
テスト太郎,25
テスト太郎,25
テスト太郎,25
テスト太郎,25
テスト太郎,25
テスト太郎,25
テスト太郎,25
テスト太郎,25
テスト太郎,25
テスト太郎,25
テスト太郎,25
テスト太郎,25
テスト太郎,25
テスト太郎,25
テスト太郎,25
テスト太郎,25
テスト太郎,25
テスト太郎,25
テスト太郎,25
テスト太郎,25
テスト太郎,25
テスト太郎,25
テスト太郎,25
テスト太郎,25
テスト太郎,25
テスト太郎,25
テスト太郎,25
テスト太郎,25
テスト太郎,25
テスト太郎,25
テスト太郎,25
テスト太郎,25
テスト太郎,25
テスト太郎,25
テスト太郎,25
テスト太郎,25
テスト太郎,25
テスト太郎,25
テスト太郎,25
テスト太郎,25
テスト太郎,25
テスト太郎,25
テスト太郎,25
テスト太郎,25
テスト太郎,25
テスト太郎,25
テスト太郎,25
テスト太郎,25
テスト太郎,25
テスト太郎,25
テスト太郎,25
テスト太郎,25
テスト太郎,25
テスト太郎,25
テスト太郎,25
テスト太郎,25
テスト太郎,25
テスト太郎,25
テスト太郎,25
テスト太郎,25
テスト太郎,25
テスト太郎,25
テスト太郎,25
テスト太郎,25
テスト太郎,25
テスト太郎,25
テスト太郎,25
テスト太郎,25
テスト太郎,25
テスト太郎,25
テスト太郎,25
テスト太郎,25
テスト太郎,25
テスト太郎,25
テスト太郎,25
テスト太郎,25
テスト太郎,25
テスト太郎,25
テスト太郎,25
テスト太郎,25
テスト太郎,25
テスト太郎,25
テスト太郎,25
テスト太郎,25
テスト太郎,25
テスト太郎,25
テスト太郎,25
テスト太郎,25
テスト太郎,25
テスト太郎,25
テスト太郎,25
テスト太郎,25
テスト太郎,25
テスト太郎,25
テスト太郎,25
テスト太郎,25
テスト太郎,25
テスト太郎,25
テスト太郎,25
テスト太郎,25
テスト太郎,25
テスト太郎,25
テスト太郎,25
テスト太郎,25
テスト太郎,25
テスト太郎,25
テスト太郎,25
テスト太郎,25
テスト太郎,25
テスト太郎,25
テスト太郎,25
テスト太郎,25
テスト太郎,25
テスト太郎,25
テスト太郎,25
テスト太郎,25
テスト太郎,25
テスト太郎,25
テスト太郎,25
テスト太郎,25
テスト太郎,25
テスト太郎,25
テスト太郎,25
テスト太郎,25
テスト太郎,25
テスト太郎,25
テスト太郎,25
テスト太郎,25
テスト太郎,25
テスト太郎,25
テスト太郎,25
テスト太郎,25
テスト太郎,25
テスト太郎,25
テスト太郎,25
テスト太郎,25
テスト太郎,25
テスト太郎,25
テスト太郎,25
テスト太郎,25
テスト太郎,25
テスト太郎,25
テスト太郎,25
テスト太郎,25
テスト太郎,25
テスト太郎,25
テスト太郎,25
テスト太郎,25
テスト太郎,25
テスト太郎,25
テスト太郎,25
テスト太郎,25
テスト太郎,25
テスト太郎,25
テスト太郎,25
テスト太郎,25
テスト太郎,25
テスト太郎,25
テスト太郎,25
テスト太郎,25
テスト太郎,25
テスト太郎,25
テスト太郎,25
テスト太郎,25
テスト太郎,25
テスト太郎,25
テスト太郎,25
テスト太郎,25
テスト太郎,25
テスト太郎,25
テスト太郎,25
テスト太郎,25
テスト太郎,25
テスト太郎,25
テスト太郎,25
テスト太郎,25
テスト太郎,25
テスト太郎,25
テスト太郎,25
テスト太郎,25
テスト太郎,25
テスト太郎,25
テスト太郎,25
テスト太郎,25
テスト太郎,25
テスト太郎,25
テスト太郎,25
テスト太郎,25
テスト太郎,25
テスト太郎,25
テスト太郎,25
テスト太郎,25
テスト太郎,25
テスト太郎,25
テスト太郎,25
テスト太郎,25
テスト太郎,25
テスト太郎,25
テスト太郎,25
テスト太郎,25
テスト太郎,25
テスト太郎,25
テスト太郎,25
テスト太郎,25
テスト太郎,25
テスト太郎,25
テスト太郎,25
テスト太郎,25
テスト太郎,25
テスト太郎,25
テスト太郎,25
テスト太郎,25
テスト太郎,25
テスト太郎,25
テスト太郎,25
テスト太郎,25
テスト太郎,25
テスト太郎,25
テスト太郎,25
テスト太郎,25
テスト太郎,25
テスト太郎,25
テスト太郎,25
テスト太郎,25
テスト太郎,25
テスト太郎,25
テスト太郎,25
テスト太郎,25
テスト太郎,25
テスト太郎,25
テスト太郎,25
テスト太郎,25
テスト太郎,25
テスト太郎,25
テスト太郎,25
テスト太郎,25
テスト太郎,25
テスト太郎,25
テスト太郎,25
テスト太郎,25
テスト太郎,25
テスト太郎,25
テスト太郎,25
テスト太郎,25
テスト太郎,25
テスト太郎,25
テスト太郎,25
テスト太郎,25
テスト太郎,25
テスト太郎,25
テスト太郎,25
テスト太郎,25
テスト太郎,25
テスト太郎,25
テスト太郎,25
テスト太郎,25
テスト太郎,25
テスト太郎,25
テスト太郎,25
テスト太郎,25
テスト太郎,25
テスト太郎,25
テスト太郎,25
テスト太郎,25
テスト太郎,25
テスト太郎,25
テスト太郎,25
テスト太郎,25
テスト太郎,25
テスト太郎,25
テスト太郎,25
テスト太郎,25
テスト太郎,25
テスト太郎,25
テスト太郎,25
テスト太郎,25
テスト太郎,25
テスト太郎,25
テスト太郎,25
テスト太郎,25
テスト太郎,25
テスト太郎,25
テスト太郎,25
テスト太郎,25
テスト太郎,25
テスト太郎,25
テスト太郎,25
テスト太郎,25
テスト太郎,25
テスト太郎,25
テスト太郎,25
テスト太郎,25
テスト太郎,25
テスト太郎,25
テスト太郎,25
テスト太郎,25
テスト太郎,25
テスト太郎,25
テスト太郎,25
テスト太郎,25
テスト太郎,25
テスト太郎,25
テスト太郎,25
テスト太郎,25
テスト太郎,25
テスト太郎,25
テスト太郎,25
テスト太郎,25
テスト太郎,25
テスト太郎,25
テスト太郎,25
テスト太郎,25
テスト太郎,25
テスト太郎,25
テスト太郎,25
テスト太郎,25
テスト太郎,25
テスト太郎,25
テスト太郎,25
テスト太郎,25
テスト太郎,25
テスト太郎,25
テスト太郎,25
テスト太郎,25
テスト太郎,25
テスト太郎,25
テスト太郎,25
テスト太郎,25
テスト太郎,25
テスト太郎,25
テスト太郎,25
テスト太郎,25
テスト太郎,25
テスト太郎,25
テスト太郎,25
テスト太郎,25
テスト太郎,25
テスト太郎,25
テスト太郎,25
テスト太郎,25
テスト太郎,25
テスト太郎,25
テスト太郎,25
テスト太郎,25
テスト太郎,25
テスト太郎,25
テスト太郎,25
テスト太郎,25
テスト太郎,25
テスト太郎,25
テスト太郎,25
テスト太郎,25
テスト太郎,25
テスト太郎,25
テスト太郎,25
テスト太郎,25
テスト太郎,25
テスト太郎,25
テスト太郎,25
テスト太郎,25
テスト太郎,25
テスト太郎,25
テスト太郎,25
テスト太郎,25
テスト太郎,25
テスト太郎,25
テスト太郎,25
テスト太郎,25
テスト太郎,25
テスト太郎,25
テスト太郎,25
テスト太郎,25
テスト太郎,25
テスト太郎,25
テスト太郎,25
テスト太郎,25
テスト太郎,25
テスト太郎,25
テスト太郎,25
テスト太郎,25
テスト太郎,25
テスト太郎,25
テスト太郎,25
テスト太郎,25
テスト太郎,25
テスト太郎,25
テスト太郎,25
テスト太郎,25
テスト太郎,25
テスト太郎,25
テスト太郎,25
テスト太郎,25
テスト太郎,25
テスト太郎,25
テスト太郎,25
テスト太郎,25
テスト太郎,25
テスト太郎,25
テスト太郎,25
テスト太郎,25
テスト太郎,25
テスト太郎,25
テスト太郎,25
テスト太郎,25
テスト太郎,25
テスト太郎,25
テスト太郎,25
テスト太郎,25
テスト太郎,25
テスト太郎,25
テスト太郎,25
テスト太郎,25
テスト太郎,25
テスト太郎,25
テスト太郎,25
テスト太郎,25
テスト太郎,25
テスト太郎,25
テスト太郎,25
テスト太郎,25
テスト太郎,25
テスト太郎,25
テスト太郎,25
テスト太郎,25
テスト太郎,25
テスト太郎,25
テスト太郎,25
テスト太郎,25
テスト太郎,25
テスト太郎,25
テスト太郎,25
テスト太郎,25
テスト太郎,25
テスト太郎,25
テスト太郎,25
テスト太郎,25
テスト太郎,25
テスト太郎,25
テスト太郎,25
テスト太郎,25
テスト太郎,25
テスト太郎,25
テスト太郎,25
テスト太郎,25
テスト太郎,25
テスト太郎,25
テスト太郎,25
テスト太郎,25
テスト太郎,25
テスト太郎,25
テスト太郎,25
テスト太郎,25
テスト太郎,25
テスト太郎,25
テスト太郎,25
テスト太郎,25
テスト太郎,25
テスト太郎,25
テスト太郎,25
テスト太郎,25
テスト太郎,25
テスト太郎,25
テスト太郎,25
テスト太郎,25
テスト太郎,25
テスト太郎,25
テスト太郎,25
テスト太郎,25
テスト太郎,25
テスト太郎,25
テスト太郎,25
テスト太郎,25
テスト太郎,25
テスト太郎,25
テスト太郎,25
テスト太郎,25
テスト太郎,25
テスト太郎,25
テスト太郎,25
テスト太郎,25
テスト太郎,25
テスト太郎,25
テスト太郎,25
テスト太郎,25
テスト太郎,25
テスト太郎,25
テスト太郎,25
テスト太郎,25
テスト太郎,25
テスト太郎,25
テスト太郎,25
テスト太郎,25
テスト太郎,25
テスト太郎,25
テスト太郎,25
テスト太郎,25
テスト太郎,25
テスト太郎,25
テスト太郎,25
テスト太郎,25
テスト太郎,25
テスト太郎,25
テスト太郎,25
テスト太郎,25
テスト太郎,25
テスト太郎,25
テスト太郎,25
テスト太郎,25
テスト太郎,25
テスト太郎,25
テスト太郎,25
テスト太郎,25
テスト太郎,25
テスト太郎,25
テスト太郎,25
テスト太郎,25
テスト太郎,25
テスト太郎,25
テスト太郎,25
テスト太郎,25
テスト太郎,25
テスト太郎,25
テスト太郎,25
テスト太郎,25
テスト太郎,25
テスト太郎,25
テスト太郎,25
テスト太郎,25
テスト太郎,25
テスト太郎,25
テスト太郎,25
テスト太郎,25
テスト太郎,25
テスト太郎,25
テスト太郎,25
テスト太郎,25
テスト太郎,25
テスト太郎,25
テスト太郎,25
テスト太郎,25
テスト太郎,25
テスト太郎,25
テスト太郎,25
テスト太郎,25
テスト太郎,25
テスト太郎,25
テスト太郎,25
テスト太郎,25
テスト太郎,25
テスト太郎,25
テスト太郎,25
テスト太郎,25
テスト太郎,25
テスト太郎,25
テスト太郎,25
テスト太郎,25
テスト太郎,25
テスト太郎,25
テスト太郎,25
テスト太郎,25
テスト太郎,25
テスト太郎,25
テスト太郎,25
テスト太郎,25
テスト太郎,25
テスト太郎,25
テスト太郎,25
テスト太郎,25
テスト太郎,25
テスト太郎,25
テスト太郎,25
テスト太郎,25
テスト太郎,25
テスト太郎,25
テスト太郎,25
テスト太郎,25
テスト太郎,25
テスト太郎,25
テスト太郎,25
テスト太郎,25
テスト太郎,25
テスト太郎,25
テスト太郎,25
テスト太郎,25
テスト太郎,25
テスト太郎,25
テスト太郎,25
テスト太郎,25
テスト太郎,25
テスト太郎,25
テスト太郎,25
テスト太郎,25
テスト太郎,25
テスト太郎,25
テスト太郎,25
テスト太郎,25
テスト太郎,25
テスト太郎,25
テスト太郎,25
テスト太郎,25
テスト太郎,25
テスト太郎,25
テスト太郎,25
テスト太郎,25
テスト太郎,25
テスト太郎,25
テスト太郎,25
テスト太郎,25
テスト太郎,25
テスト太郎,25
テスト太郎,25
テスト太郎,25
テスト太郎,25
テスト太郎,25
テスト太郎,25
テスト太郎,25
テスト太郎,25
テスト太郎,25
テスト太郎,25
テスト太郎,25
テスト太郎,25
テスト太郎,25
テスト太郎,25
テスト太郎,25
テスト太郎,25
テスト太郎,25
テスト太郎,25
テスト太郎,25
テスト太郎,25
テスト太郎,25
テスト太郎,25
テスト太郎,25
テスト太郎,25
テスト太郎,25
テスト太郎,25
テスト太郎,25
テスト太郎,25
テスト太郎,25
テスト太郎,25
テスト太郎,25
テスト太郎,25
テスト太郎,25
テスト太郎,25
テスト太郎,25
テスト太郎,25
テスト太郎,25
テスト太郎,25
テスト太郎,25
テスト太郎,25
テスト太郎,25
テスト太郎,25
テスト太郎,25
テスト太郎,25
テスト太郎,25
テスト太郎,25
テスト太郎,25
テスト太郎,25
テスト太郎,25
テスト太郎,25
テスト太郎,25
テスト太郎,25
テスト太郎,25
テスト太郎,25
テスト太郎,25
テスト太郎,25
テスト太郎,25
テスト太郎,25
テスト太郎,25
テスト太郎,25
テスト太郎,25
テスト太郎,25
テスト太郎,25
テスト太郎,25
テスト太郎,25
テスト太郎,25
テスト太郎,25
テスト太郎,25
テスト太郎,25
テスト太郎,25
テスト太郎,25
テスト太郎,25
テスト太郎,25
テスト太郎,25
テスト太郎,25
テスト太郎,25
テスト太郎,25
テスト太郎,25
テスト太郎,25
テスト太郎,25
テスト太郎,25
テスト太郎,25
テスト太郎,25
テスト太郎,25
テスト太郎,25
テスト太郎,25
テスト太郎,25
テスト太郎,25
テスト太郎,25
テスト太郎,25
テスト太郎,25
テスト太郎,25
テスト太郎,25
テスト太郎,25
テスト太郎,25
テスト太郎,25
テスト太郎,25
テスト太郎,25
テスト太郎,25
テスト太郎,25
テスト太郎,25
テスト太郎,25
テスト太郎,25
テスト太郎,25
テスト太郎,25
テスト太郎,25
テスト太郎,25
テスト太郎,25
テスト太郎,25
テスト太郎,25
テスト太郎,25
テスト太郎,25
テスト太郎,25
テスト太郎,25
テスト太郎,25
テスト太郎,25
テスト太郎,25
テスト太郎,25
テスト太郎,25
テスト太郎,25
テスト太郎,25
テスト太郎,25
テスト太郎,25
テスト太郎,25
テスト太郎,25
テスト太郎,25
テスト太郎,25
テスト太郎,25
テスト太郎,25
テスト太郎,25
テスト太郎,25
テスト太郎,25
テスト太郎,25
テスト太郎,25
テスト太郎,25
テスト太郎,25
テスト太郎,25
テスト太郎,25
テスト太郎,25
テスト太郎,25
テスト太郎,25
テスト太郎,25
テスト太郎,25
テスト太郎,25
テスト太郎,25
テスト太郎,25
テスト太郎,25
テスト太郎,25
テスト太郎,25
テスト太郎,25
テスト太郎,25
テスト太郎,25
テスト太郎,25
テスト太郎,25
テスト太郎,25
テスト太郎,25
テスト太郎,25
テスト太郎,25
テスト太郎,25
テスト太郎,25
テスト太郎,25
テスト太郎,25
テスト太郎,25
テスト太郎,25
テスト太郎,25
テスト太郎,25
テスト太郎,25
テスト太郎,25
テスト太郎,25
テスト太郎,25
テスト太郎,25
テスト太郎,25
テスト太郎,25
テスト太郎,25
テスト太郎,25
テスト太郎,25
テスト太郎,25
テスト太郎,25
テスト太郎,25
テスト太郎,25
テスト太郎,25
テスト太郎,25
テスト太郎,25
テスト太郎,25
テスト太郎,25
テスト太郎,25
テスト太郎,25
テスト太郎,25
テスト太郎,25
テスト太郎,25
テスト太郎,25
テスト太郎,25
テスト太郎,25
テスト太郎,25
テスト太郎,25
テスト太郎,25
テスト太郎,25
テスト太郎,25
テスト太郎,25
テスト太郎,25
テスト太郎,25
テスト太郎,25
テスト太郎,25
テスト太郎,25
テスト太郎,25
テスト太郎,25
テスト太郎,25
テスト太郎,25
テスト太郎,25
テスト太郎,25
テスト太郎,25
テスト太郎,25
テスト太郎,25
テスト太郎,25
テスト太郎,25
テスト太郎,25
テスト太郎,25
テスト太郎,25
テスト太郎,25
テスト太郎,25
テスト太郎,25
テスト太郎,25
テスト太郎,25
テスト太郎,25
テスト太郎,25
テスト太郎,25
テスト太郎,25
テスト太郎,25
テスト太郎,25
テスト太郎,25
テスト太郎,25
テスト太郎,25
テスト太郎,25
テスト太郎,25
テスト太郎,25
テスト太郎,25
テスト太郎,25
テスト太郎,25
テスト太郎,25
テスト太郎,25
テスト太郎,25
テスト太郎,25
テスト太郎,25
テスト太郎,25
テスト太郎,25
テスト太郎,25
テスト太郎,25
テスト太郎,25
テスト太郎,25
テスト太郎,25
テスト太郎,25
テスト太郎,25
テスト太郎,25
テスト太郎,25
テスト太郎,25
テスト太郎,25
テスト太郎,25
テスト太郎,25
テスト太郎,25
テスト太郎,25
テスト太郎,25
テスト太郎,25
テスト太郎,25
テスト太郎,25
テスト太郎,25
テスト太郎,25
テスト太郎,25
テスト太郎,25
テスト太郎,25
テスト太郎,25
テスト太郎,25
テスト太郎,25
テスト太郎,25
テスト太郎,25
テスト太郎,25
テスト太郎,25
テスト太郎,25
テスト太郎,25
テスト太郎,25
テスト太郎,25
テスト太郎,25
テスト太郎,25
テスト太郎,25
テスト太郎,25
テスト太郎,25
テスト太郎,25
テスト太郎,25
テスト太郎,25
テスト太郎,25
テスト太郎,25
テスト太郎,25
テスト太郎,25
テスト太郎,25
テスト太郎,25
テスト太郎,25
テスト太郎,25
テスト太郎,25
テスト太郎,25
テスト太郎,25
テスト太郎,25
テスト太郎,25
テスト太郎,25
テスト太郎,25
テスト太郎,25
テスト太郎,25
テスト太郎,25
テスト太郎,25
テスト太郎,25
テスト太郎,25
テスト太郎,25
テスト太郎,25
テスト太郎,25
テスト太郎,25
テスト太郎,25
テスト太郎,25
テスト太郎,25
テスト太郎,25
テスト太郎,25
テスト太郎,25
テスト太郎,25
テスト太郎,25
テスト太郎,25
テスト太郎,25
テスト太郎,25
テスト太郎,25
テスト太郎,25
テスト太郎,25
テスト太郎,25
テスト太郎,25
テスト太郎,25
テスト太郎,25
テスト太郎,25
テスト太郎,25
テスト太郎,25
テスト太郎,25
テスト太郎,25
テスト太郎,25
テスト太郎,25
テスト太郎,25
テスト太郎,25
テスト太郎,25
テスト太郎,25
テスト太郎,25
テスト太郎,25
テスト太郎,25
テスト太郎,25
テスト太郎,25
テスト太郎,25
テスト太郎,25
テスト太郎,25
テスト太郎,25
テスト太郎,25
テスト太郎,25
テスト太郎,25
テスト太郎,25
テスト太郎,25
テスト太郎,25
テスト太郎,25
テスト太郎,25
テスト太郎,25
テスト太郎,25
テスト太郎,25
テスト太郎,25
テスト太郎,25
テスト太郎,25
テスト太郎,25
テスト太郎,25
テスト太郎,25
テスト太郎,25
テスト太郎,25
テスト太郎,25
テスト太郎,25
テスト太郎,25
テスト太郎,25
テスト太郎,25
テスト太郎,25
テスト太郎,25
テスト太郎,25
テスト太郎,25
テスト太郎,25
テスト太郎,25
テスト太郎,25
テスト太郎,25
テスト太郎,25
テスト太郎,25
テスト太郎,25
テスト太郎,25
テスト太郎,25
テスト太郎,25
テスト太郎,25
テスト太郎,25
テスト太郎,25
テスト太郎,25
テスト太郎,25
テスト太郎,25
テスト太郎,25
テスト太郎,25
テスト太郎,25
テスト太郎,25
テスト太郎,25
テスト太郎,25
テスト太郎,25
テスト太郎,25
テスト太郎,25
テスト太郎,25
テスト太郎,25
テスト太郎,25
テスト太郎,25
テスト太郎,25
テスト太郎,25
テスト太郎,25
テスト太郎,25
テスト太郎,25
テスト太郎,25
テスト太郎,25
テスト太郎,25
テスト太郎,25
テスト太郎,25
テスト太郎,25
テスト太郎,25
テスト太郎,25
テスト太郎,25
テスト太郎,25
テスト太郎,25
テスト太郎,25
テスト太郎,25
テスト太郎,25
テスト太郎,25
テスト太郎,25
テスト太郎,25
テスト太郎,25
テスト太郎,25
テスト太郎,25
テスト太郎,25
テスト太郎,25
テスト太郎,25
テスト太郎,25
テスト太郎,25
テスト太郎,25
テスト太郎,25
テスト太郎,25
テスト太郎,25
テスト太郎,25
テスト太郎,25
テスト太郎,25
テスト太郎,25
テスト太郎,25
テスト太郎,25
テスト太郎,25
テスト太郎,25
テスト太郎,25
テスト太郎,25
テスト太郎,25
テスト太郎,25
テスト太郎,25
テスト太郎,25
テスト太郎,25
テスト太郎,25
テスト太郎,25
テスト太郎,25
テスト太郎,25
テスト太郎,25
テスト太郎,25
テスト太郎,25
テスト太郎,25
テスト太郎,25
テスト太郎,25
テスト太郎,25
テスト太郎,25
テスト太郎,25
テスト太郎,25
テスト太郎,25
テスト太郎,25
テスト太郎,25
テスト太郎,25
テスト太郎,25
テスト太郎,25
テスト太郎,25
テスト太郎,25
テスト太郎,25
テスト太郎,25
テスト太郎,25
テスト太郎,25
テスト太郎,25
テスト太郎,25
テスト太郎,25
テスト太郎,25
テスト太郎,25
テスト太郎,25
テスト太郎,25
テスト太郎,25
テスト太郎,25
テスト太郎,25
テスト太郎,25
テスト太郎,25
テスト太郎,25
テスト太郎,25
テスト太郎,25
テスト太郎,25
テスト太郎,25
テスト太郎,25
テスト太郎,25
テスト太郎,25
テスト太郎,25
テスト太郎,25
テスト太郎,25
テスト太郎,25
テスト太郎,25
テスト太郎,25
テスト太郎,25
テスト太郎,25
テスト太郎,25
テスト太郎,25
テスト太郎,25
テスト太郎,25
テスト太郎,25
テスト太郎,25
テスト太郎,25
テスト太郎,25
テスト太郎,25
テスト太郎,25
テスト太郎,25
テスト太郎,25
テスト太郎,25
テスト太郎,25
テスト太郎,25
テスト太郎,25
テスト太郎,25
テスト太郎,25
テスト太郎,25
テスト太郎,25
テスト太郎,25
テスト太郎,25
テスト太郎,25
テスト太郎,25
テスト太郎,25
テスト太郎,25
テスト太郎,25
テスト太郎,25
テスト太郎,25
テスト太郎,25
テスト太郎,25
テスト太郎,25
テスト太郎,25
テスト太郎,25
テスト太郎,25
テスト太郎,25
テスト太郎,25
テスト太郎,25
テスト太郎,25
テスト太郎,25
テスト太郎,25
テスト太郎,25
テスト太郎,25
テスト太郎,25
テスト太郎,25
テスト太郎,25
テスト太郎,25
テスト太郎,25
テスト太郎,25
テスト太郎,25
テスト太郎,25
テスト太郎,25
テスト太郎,25
テスト太郎,25
テスト太郎,25
テスト太郎,25
テスト太郎,25
テスト太郎,25
テスト太郎,25
テスト太郎,25
テスト太郎,25
テスト太郎,25
テスト太郎,25
テスト太郎,25
テスト太郎,25
テスト太郎,25
テスト太郎,25
テスト太郎,25
テスト太郎,25
テスト太郎,25
テスト太郎,25
テスト太郎,25
テスト太郎,25
テスト太郎,25
テスト太郎,25
テスト太郎,25
テスト太郎,25
テスト太郎,25
テスト太郎,25
テスト太郎,25
テスト太郎,25
テスト太郎,25
テスト太郎,25
テスト太郎,25
テスト太郎,25
テスト太郎,25
テスト太郎,25
テスト太郎,25
テスト太郎,25
テスト太郎,25
テスト太郎,25
テスト太郎,25
テスト太郎,25
テスト太郎,25
テスト太郎,25
テスト太郎,25
テスト太郎,25
テスト太郎,25
テスト太郎,25
テスト太郎,25
テスト太郎,25
テスト太郎,25
テスト太郎,25
テスト太郎,25
テスト太郎,25
テスト太郎,25
テスト太郎,25
テスト太郎,25
テスト太郎,25
テスト太郎,25
テスト太郎,25
テスト太郎,25
テスト太郎,25
テスト太郎,25
テスト太郎,25
テスト太郎,25
テスト太郎,25
テスト太郎,25
テスト太郎,25
テスト太郎,25
テスト太郎,25
テスト太郎,25
テスト太郎,25
テスト太郎,25
テスト太郎,25
テスト太郎,25
テスト太郎,25
テスト太郎,25
テスト太郎,25
テスト太郎,25
テスト太郎,25
テスト太郎,25
テスト太郎,25
テスト太郎,25
テスト太郎,25
テスト太郎,25
テスト太郎,25
テスト太郎,25
テスト太郎,25
テスト太郎,25
テスト太郎,25
テスト太郎,25
テスト太郎,25
テスト太郎,25
テスト太郎,25
テスト太郎,25
テスト太郎,25
テスト太郎,25
テスト太郎,25
テスト太郎,25
テスト太郎,25
テスト太郎,25
テスト太郎,25
テスト太郎,25
テスト太郎,25
テスト太郎,25
テスト太郎,25
テスト太郎,25
テスト太郎,25
テスト太郎,25
テスト太郎,25
テスト太郎,25
テスト太郎,25
テスト太郎,25
テスト太郎,25
テスト太郎,25
テスト太郎,25
テスト太郎,25
テスト太郎,25
テスト太郎,25
テスト太郎,25
テスト太郎,25
テスト太郎,25
テスト太郎,25
テスト太郎,25
テスト太郎,25
テスト太郎,25
テスト太郎,25
テスト太郎,25
テスト太郎,25
テスト太郎,25
テスト太郎,25
テスト太郎,25
テスト太郎,25
テスト太郎,25
テスト太郎,25
テスト太郎,25
テスト太郎,25
テスト太郎,25
テスト太郎,25
テスト太郎,25
テスト太郎,25
テスト太郎,25
テスト太郎,25
テスト太郎,25
テスト太郎,25
テスト太郎,25
テスト太郎,25
テスト太郎,25
テスト太郎,25
テスト太郎,25
テスト太郎,25
テスト太郎,25
テスト太郎,25
テスト太郎,25
テスト太郎,25
テスト太郎,25
テスト太郎,25
テスト太郎,25
テスト太郎,25
テスト太郎,25
テスト太郎,25
テスト太郎,25
テスト太郎,25
テスト太郎,25
テスト太郎,25
テスト太郎,25
テスト太郎,25
テスト太郎,25
テスト太郎,25
テスト太郎,25
テスト太郎,25
テスト太郎,25
テスト太郎,25
テスト太郎,25
テスト太郎,25
テスト太郎,25
テスト太郎,25
テスト太郎,25
テスト太郎,25
テスト太郎,25
テスト太郎,25
テスト太郎,25
テスト太郎,25
テスト太郎,25
テスト太郎,25
テスト太郎,25
テスト太郎,25
テスト太郎,25
テスト太郎,25
テスト太郎,25
テスト太郎,25
テスト太郎,25
テスト太郎,25
テスト太郎,25
テスト太郎,25
テスト太郎,25
テスト太郎,25
テスト太郎,25
テスト太郎,25
テスト太郎,25
テスト太郎,25
テスト太郎,25
テスト太郎,25
テスト太郎,25
テスト太郎,25
テスト太郎,25
テスト太郎,25
テスト太郎,25
テスト太郎,25
テスト太郎,25
テスト太郎,25
テスト太郎,25
テスト太郎,25
テスト太郎,25
テスト太郎,25
テスト太郎,25
テスト太郎,25
テスト太郎,25
テスト太郎,25
テスト太郎,25
テスト太郎,25
テスト太郎,25
テスト太郎,25
テスト太郎,25
テスト太郎,25
テスト太郎,25
テスト太郎,25
テスト太郎,25
テスト太郎,25
テスト太郎,25
テスト太郎,25
テスト太郎,25
テスト太郎,25
テスト太郎,25
テスト太郎,25
テスト太郎,25
テスト太郎,25
テスト太郎,25
テスト太郎,25
テスト太郎,25
テスト太郎,25
テスト太郎,25
テスト太郎,25
テスト太郎,25
テスト太郎,25
テスト太郎,25
テスト太郎,25
テスト太郎,25
テスト太郎,25
テスト太郎,25
テスト太郎,25
テスト太郎,25
テスト太郎,25
テスト太郎,25
テスト太郎,25
テスト太郎,25
テスト太郎,25
テスト太郎,25
テスト太郎,25
テスト太郎,25
テスト太郎,25
テスト太郎,25
テスト太郎,25
テスト太郎,25
テスト太郎,25
テスト太郎,25
テスト太郎,25
テスト太郎,25
テスト太郎,25
テスト太郎,25
テスト太郎,25
テスト太郎,25
テスト太郎,25
テスト太郎,25
テスト太郎,25
テスト太郎,25
テスト太郎,25
テスト太郎,25
テスト太郎,25
テスト太郎,25
テスト太郎,25
テスト太郎,25
テスト太郎,25
テスト太郎,25
テスト太郎,25
テスト太郎,25
テスト太郎,25
テスト太郎,25
テスト太郎,25
テスト太郎,25
テスト太郎,25
テスト太郎,25
テスト太郎,25
テスト太郎,25
テスト太郎,25
テスト太郎,25
テスト太郎,25
テスト太郎,25
テスト太郎,25
テスト太郎,25
テスト太郎,25
テスト太郎,25
テスト太郎,25
テスト太郎,25
テスト太郎,25
テスト太郎,25
テスト太郎,25
テスト太郎,25
テスト太郎,25
テスト太郎,25
テスト太郎,25
テスト太郎,25
テスト太郎,25
テスト太郎,25
テスト太郎,25
テスト太郎,25
テスト太郎,25
テスト太郎,25
テスト太郎,25
テスト太郎,25
テスト太郎,25
テスト太郎,25
テスト太郎,25
テスト太郎,25
テスト太郎,25
テスト太郎,25
テスト太郎,25
テスト太郎,25
テスト太郎,25
テスト太郎,25
テスト太郎,25
テスト太郎,25
テスト太郎,25
テスト太郎,25
テスト太郎,25
テスト太郎,25
テスト太郎,25
テスト太郎,25
テスト太郎,25
テスト太郎,25
テスト太郎,25
テスト太郎,25
テスト太郎,25
テスト太郎,25
テスト太郎,25
テスト太郎,25
テスト太郎,25
テスト太郎,25
テスト太郎,25
テスト太郎,25
テスト太郎,25
テスト太郎,25
テスト太郎,25
テスト太郎,25
テスト太郎,25
テスト太郎,25
テスト太郎,25
テスト太郎,25
テスト太郎,25
テスト太郎,25
テスト太郎,25
テスト太郎,25
テスト太郎,25
テスト太郎,25
テスト太郎,25
テスト太郎,25
テスト太郎,25
テスト太郎,25
テスト太郎,25
テスト太郎,25
テスト太郎,25
テスト太郎,25
テスト太郎,25
テスト太郎,25
テスト太郎,25
テスト太郎,25
テスト太郎,25
テスト太郎,25
テスト太郎,25
テスト太郎,25
テスト太郎,25
テスト太郎,25
テスト太郎,25
テスト太郎,25
テスト太郎,25
テスト太郎,25
テスト太郎,25
テスト太郎,25
テスト太郎,25
テスト太郎,25
テスト太郎,25
テスト太郎,25
テスト太郎,25
テスト太郎,25
テスト太郎,25
テスト太郎,25
テスト太郎,25
テスト太郎,25
テスト太郎,25
テスト太郎,25
テスト太郎,25
テスト太郎,25
テスト太郎,25
テスト太郎,25
テスト太郎,25
テスト太郎,25
テスト太郎,25
テスト太郎,25
テスト太郎,25
テスト太郎,25
テスト太郎,25
テスト太郎,25
テスト太郎,25
テスト太郎,25
テスト太郎,25
テスト太郎,25
テスト太郎,25
テスト太郎,25
テスト太郎,25
テスト太郎,25
テスト太郎,25
テスト太郎,25
テスト太郎,25
テスト太郎,25
テスト太郎,25
テスト太郎,25
テスト太郎,25
テスト太郎,25
テスト太郎,25
テスト太郎,25
テスト太郎,25
テスト太郎,25
テスト太郎,25
テスト太郎,25
テスト太郎,25
テスト太郎,25
テスト太郎,25
テスト太郎,25
テスト太郎,25
テスト太郎,25
テスト太郎,25
テスト太郎,25
テスト太郎,25
テスト太郎,25
テスト太郎,25
テスト太郎,25
テスト太郎,25
テスト太郎,25
テスト太郎,25
テスト太郎,25
テスト太郎,25
テスト太郎,25
テスト太郎,25
テスト太郎,25
テスト太郎,25
テスト太郎,25
テスト太郎,25
テスト太郎,25
テスト太郎,25
テスト太郎,25
テスト太郎,25
テスト太郎,25
テスト太郎,25
テスト太郎,25
テスト太郎,25
テスト太郎,25
テスト太郎,25
テスト太郎,25
テスト太郎,25
テスト太郎,25
テスト太郎,25
テスト太郎,25
テスト太郎,25
テスト太郎,25
テスト太郎,25
テスト太郎,25
テスト太郎,25
テスト太郎,25
テスト太郎,25
テスト太郎,25
テスト太郎,25
テスト太郎,25
テスト太郎,25
テスト太郎,25
テスト太郎,25
テスト太郎,25
テスト太郎,25
テスト太郎,25
テスト太郎,25
テスト太郎,25
テスト太郎,25
テスト太郎,25
テスト太郎,25
テスト太郎,25
テスト太郎,25
テスト太郎,25
テスト太郎,25
テスト太郎,25
テスト太郎,25
テスト太郎,25
テスト太郎,25
テスト太郎,25
テスト太郎,25
テスト太郎,25
テスト太郎,25
テスト太郎,25
テスト太郎,25
テスト太郎,25
テスト太郎,25
テスト太郎,25
テスト太郎,25
テスト太郎,25
テスト太郎,25
テスト太郎,25
テスト太郎,25
テスト太郎,25
テスト太郎,25
テスト太郎,25
テスト太郎,25
テスト太郎,25
テスト太郎,25
テスト太郎,25
テスト太郎,25
テスト太郎,25
テスト太郎,25
テスト太郎,25
テスト太郎,25
テスト太郎,25
テスト太郎,25
テスト太郎,25
テスト太郎,25
テスト太郎,25
テスト太郎,25
テスト太郎,25
テスト太郎,25
テスト太郎,25
テスト太郎,25
テスト太郎,25
テスト太郎,25
テスト太郎,25
テスト太郎,25
テスト太郎,25
テスト太郎,25
テスト太郎,25
テスト太郎,25
テスト太郎,25
テスト太郎,25
テスト太郎,25
テスト太郎,25
テスト太郎,25
テスト太郎,25
テスト太郎,25
テスト太郎,25
テスト太郎,25
テスト太郎,25
テスト太郎,25
テスト太郎,25
テスト太郎,25
テスト太郎,25
テスト太郎,25
テスト太郎,25
テスト太郎,25
テスト太郎,25
テスト太郎,25
テスト太郎,25
テスト太郎,25
テスト太郎,25
テスト太郎,25
テスト太郎,25
テスト太郎,25
テスト太郎,25
テスト太郎,25
テスト太郎,25
テスト太郎,25
テスト太郎,25
テスト太郎,25
テスト太郎,25
テスト太郎,25
テスト太郎,25
テスト太郎,25
テスト太郎,25
テスト太郎,25
テスト太郎,25
テスト太郎,25
テスト太郎,25
テスト太郎,25
テスト太郎,25
テスト太郎,25
テスト太郎,25
テスト太郎,25
テスト太郎,25
テスト太郎,25
テスト太郎,25
テスト太郎,25
テスト太郎,25
テスト太郎,25
テスト太郎,25
テスト太郎,25
テスト太郎,25
テスト太郎,25
テスト太郎,25
テスト太郎,25
テスト太郎,25
テスト太郎,25
テスト太郎,25
テスト太郎,25
テスト太郎,25
テスト太郎,25
テスト太郎,25
テスト太郎,25
テスト太郎,25
テスト太郎,25
テスト太郎,25
テスト太郎,25
テスト太郎,25
テスト太郎,25
テスト太郎,25
テスト太郎,25
テスト太郎,25
テスト太郎,25
テスト太郎,25
テスト太郎,25
テスト太郎,25
テスト太郎,25
テスト太郎,25
テスト太郎,25
テスト太郎,25
テスト太郎,25
テスト太郎,25
テスト太郎,25
テスト太郎,25
テスト太郎,25
テスト太郎,25
テスト太郎,25
テスト太郎,25
テスト太郎,25
テスト太郎,25
テスト太郎,25
テスト太郎,25
テスト太郎,25
テスト太郎,25
テスト太郎,25
テスト太郎,25
テスト太郎,25
テスト太郎,25
テスト太郎,25
テスト太郎,25
テスト太郎,25
テスト太郎,25
テスト太郎,25
テスト太郎,25
テスト太郎,25
テスト太郎,25
テスト太郎,25
テスト太郎,25
テスト太郎,25
テスト太郎,25
テスト太郎,25
テスト太郎,25
テスト太郎,25
テスト太郎,25
テスト太郎,25
テスト太郎,25
テスト太郎,25
テスト太郎,25
テスト太郎,25
テスト太郎,25
テスト太郎,25
テスト太郎,25
テスト太郎,25
テスト太郎,25
テスト太郎,25
テスト太郎,25
テスト太郎,25
テスト太郎,25
テスト太郎,25
テスト太郎,25
テスト太郎,25
テスト太郎,25
テスト太郎,25
テスト太郎,25
テスト太郎,25
テスト太郎,25
テスト太郎,25
テスト太郎,25
テスト太郎,25
テスト太郎,25
テスト太郎,25
テスト太郎,25
テスト太郎,25
テスト太郎,25
テスト太郎,25
テスト太郎,25
テスト太郎,25
テスト太郎,25
テスト太郎,25
テスト太郎,25
テスト太郎,25
テスト太郎,25
テスト太郎,25
テスト太郎,25
テスト太郎,25
テスト太郎,25
テスト太郎,25
テスト太郎,25
テスト太郎,25
テスト太郎,25
テスト太郎,25
テスト太郎,25
テスト太郎,25
テスト太郎,25
テスト太郎,25
テスト太郎,25
テスト太郎,25
テスト太郎,25
テスト太郎,25
テスト太郎,25
テスト太郎,25
テスト太郎,25
テスト太郎,25
テスト太郎,25
テスト太郎,25
テスト太郎,25
テスト太郎,25
テスト太郎,25
テスト太郎,25
テスト太郎,25
テスト太郎,25
テスト太郎,25
テスト太郎,25
テスト太郎,25
テスト太郎,25
テスト太郎,25
テスト太郎,25
テスト太郎,25
テスト太郎,25
テスト太郎,25
テスト太郎,25
テスト太郎,25
テスト太郎,25
テスト太郎,25
テスト太郎,25
テスト太郎,25
テスト太郎,25
テスト太郎,25
テスト太郎,25
テスト太郎,25
テスト太郎,25
テスト太郎,25
テスト太郎,25
テスト太郎,25
テスト太郎,25
テスト太郎,25
テスト太郎,25
テスト太郎,25
テスト太郎,25
テスト太郎,25
テスト太郎,25
テスト太郎,25
テスト太郎,25
テスト太郎,25
テスト太郎,25
テスト太郎,25
テスト太郎,25
テスト太郎,25
テスト太郎,25
テスト太郎,25
テスト太郎,25
テスト太郎,25
テスト太郎,25
テスト太郎,25
テスト太郎,25
テスト太郎,25
テスト太郎,25
テスト太郎,25
テスト太郎,25
テスト太郎,25
テスト太郎,25
テスト太郎,25
テスト太郎,25
テスト太郎,25
テスト太郎,25
テスト太郎,25
テスト太郎,25
テスト太郎,25
テスト太郎,25
テスト太郎,25
テスト太郎,25
テスト太郎,25
テスト太郎,25
テスト太郎,25
テスト太郎,25
テスト太郎,25
テスト太郎,25
テスト太郎,25
テスト太郎,25
テスト太郎,25
テスト太郎,25
テスト太郎,25
テスト太郎,25
テスト太郎,25
テスト太郎,25
テスト太郎,25
テスト太郎,25
テスト太郎,25
テスト太郎,25
テスト太郎,25
テスト太郎,25
テスト太郎,25
テスト太郎,25
テスト太郎,25
テスト太郎,25
テスト太郎,25
テスト太郎,25
テスト太郎,25
テスト太郎,25
テスト太郎,25
テスト太郎,25
テスト太郎,25
テスト太郎,25
テスト太郎,25
テスト太郎,25
テスト太郎,25
テスト太郎,25
テスト太郎,25
テスト太郎,25
テスト太郎,25
テスト太郎,25
テスト太郎,25
テスト太郎,25
テスト太郎,25
テスト太郎,25
テスト太郎,25
テスト太郎,25
テスト太郎,25
テスト太郎,25
テスト太郎,25
テスト太郎,25
テスト太郎,25
テスト太郎,25
テスト太郎,25
テスト太郎,25
テスト太郎,25
テスト太郎,25
テスト太郎,25
テスト太郎,25
テスト太郎,25
テスト太郎,25
テスト太郎,25
テスト太郎,25
テスト太郎,25
テスト太郎,25
テスト太郎,25
テスト太郎,25
テスト太郎,25
テスト太郎,25
テスト太郎,25
テスト太郎,25
テスト太郎,25
テスト太郎,25
テスト太郎,25
テスト太郎,25
テスト太郎,25
テスト太郎,25
テスト太郎,25
テスト太郎,25
テスト太郎,25
テスト太郎,25
テスト太郎,25
テスト太郎,25
テスト太郎,25
テスト太郎,25
テスト太郎,25
テスト太郎,25
テスト太郎,25
テスト太郎,25
テスト太郎,25
テスト太郎,25
テスト太郎,25
テスト太郎,25
テスト太郎,25
テスト太郎,25
テスト太郎,25
テスト太郎,25
テスト太郎,25
テスト太郎,25
テスト太郎,25
テスト太郎,25
テスト太郎,25
テスト太郎,25
テスト太郎,25
テスト太郎,25
テスト太郎,25
テスト太郎,25
テスト太郎,25
テスト太郎,25
テスト太郎,25
テスト太郎,25
テスト太郎,25
テスト太郎,25
テスト太郎,25
テスト太郎,25
テスト太郎,25
テスト太郎,25
テスト太郎,25
テスト太郎,25
テスト太郎,25
テスト太郎,25
テスト太郎,25
テスト太郎,25
テスト太郎,25
テスト太郎,25
テスト太郎,25
テスト太郎,25
テスト太郎,25
テスト太郎,25
テスト太郎,25
テスト太郎,25
テスト太郎,25
テスト太郎,25
テスト太郎,25
テスト太郎,25
テスト太郎,25
テスト太郎,25
テスト太郎,25
テスト太郎,25
テスト太郎,25
テスト太郎,25
テスト太郎,25
テスト太郎,25
テスト太郎,25
テスト太郎,25
テスト太郎,25
テスト太郎,25
テスト太郎,25
テスト太郎,25
テスト太郎,25
テスト太郎,25
テスト太郎,25
テスト太郎,25
テスト太郎,25
テスト太郎,25
テスト太郎,25
テスト太郎,25
テスト太郎,25
テスト太郎,25
テスト太郎,25
テスト太郎,25
テスト太郎,25
テスト太郎,25
テスト太郎,25
テスト太郎,25
テスト太郎,25
テスト太郎,25
テスト太郎,25
テスト太郎,25
テスト太郎,25
テスト太郎,25
テスト太郎,25
テスト太郎,25
テスト太郎,25
テスト太郎,25
テスト太郎,25
テスト太郎,25
テスト太郎,25
テスト太郎,25
テスト太郎,25
テスト太郎,25
テスト太郎,25
テスト太郎,25
テスト太郎,25
テスト太郎,25
テスト太郎,25
テスト太郎,25
テスト太郎,25
テスト太郎,25
テスト太郎,25
テスト太郎,25
テスト太郎,25
テスト太郎,25
テスト太郎,25
テスト太郎,25
テスト太郎,25
テスト太郎,25
テスト太郎,25
テスト太郎,25
テスト太郎,25
テスト太郎,25
テスト太郎,25
テスト太郎,25
テスト太郎,25
テスト太郎,25
テスト太郎,25
テスト太郎,25
テスト太郎,25
テスト太郎,25
テスト太郎,25
テスト太郎,25
テスト太郎,25
テスト太郎,25
テスト太郎,25
テスト太郎,25
テスト太郎,25
テスト太郎,25
テスト太郎,25
テスト太郎,25
テスト太郎,25
テスト太郎,25
テスト太郎,25
テスト太郎,25
テスト太郎,25
テスト太郎,25
テスト太郎,25
テスト太郎,25
テスト太郎,25
テスト太郎,25
テスト太郎,25
テスト太郎,25
テスト太郎,25
テスト太郎,25
テスト太郎,25
テスト太郎,25
テスト太郎,25
テスト太郎,25
テスト太郎,25
テスト太郎,25
テスト太郎,25
テスト太郎,25
テスト太郎,25
テスト太郎,25
テスト太郎,25
テスト太郎,25
テスト太郎,25
テスト太郎,25
テスト太郎,25
テスト太郎,25
テスト太郎,25
テスト太郎,25
テスト太郎,25
テスト太郎,25
テスト太郎,25
テスト太郎,25
テスト太郎,25
テスト太郎,25
テスト太郎,25
テスト太郎,25
テスト太郎,25
テスト太郎,25
テスト太郎,25
テスト太郎,25
テスト太郎,25
テスト太郎,25
テスト太郎,25
テスト太郎,25
テスト太郎,25
テスト太郎,25
テスト太郎,25
テスト太郎,25
テスト太郎,25
テスト太郎,25
テスト太郎,25
テスト太郎,25
テスト太郎,25
テスト太郎,25
テスト太郎,25
テスト太郎,25
テスト太郎,25
テスト太郎,25
テスト太郎,25
テスト太郎,25
テスト太郎,25
テスト太郎,25
テスト太郎,25
テスト太郎,25
テスト太郎,25
テスト太郎,25
テスト太郎,25
テスト太郎,25
テスト太郎,25
テスト太郎,25
テスト太郎,25
テスト太郎,25
テスト太郎,25
テスト太郎,25
テスト太郎,25
テスト太郎,25
テスト太郎,25
テスト太郎,25
テスト太郎,25
テスト太郎,25
テスト太郎,25
テスト太郎,25
テスト太郎,25
テスト太郎,25
テスト太郎,25
テスト太郎,25
テスト太郎,25
テスト太郎,25
テスト太郎,25
テスト太郎,25
テスト太郎,25
テスト太郎,25
テスト太郎,25
テスト太郎,25
テスト太郎,25
テスト太郎,25
テスト太郎,25
テスト太郎,25
テスト太郎,25
テスト太郎,25
テスト太郎,25
テスト太郎,25
テスト太郎,25
テスト太郎,25
テスト太郎,25
テスト太郎,25
テスト太郎,25
テスト太郎,25
テスト太郎,25
テスト太郎,25
テスト太郎,25
テスト太郎,25
テスト太郎,25
テスト太郎,25
テスト太郎,25
テスト太郎,25
テスト太郎,25
テスト太郎,25
テスト太郎,25
テスト太郎,25
テスト太郎,25
テスト太郎,25
テスト太郎,25
テスト太郎,25
テスト太郎,25
テスト太郎,25
テスト太郎,25
テスト太郎,25
テスト太郎,25
テスト太郎,25
テスト太郎,25
テスト太郎,25
テスト太郎,25
テスト太郎,25
テスト太郎,25
テスト太郎,25
テスト太郎,25
テスト太郎,25
テスト太郎,25
テスト太郎,25
テスト太郎,25
テスト太郎,25
テスト太郎,25
テスト太郎,25
テスト太郎,25
テスト太郎,25
テスト太郎,25
テスト太郎,25
テスト太郎,25
テスト太郎,25
テスト太郎,25
テスト太郎,25
テスト太郎,25
テスト太郎,25
テスト太郎,25
テスト太郎,25
テスト太郎,25
テスト太郎,25
テスト太郎,25
テスト太郎,25
テスト太郎,25
テスト太郎,25
テスト太郎,25
テスト太郎,25
テスト太郎,25
テスト太郎,25
テスト太郎,25
テスト太郎,25
テスト太郎,25
テスト太郎,25
テスト太郎,25
テスト太郎,25
テスト太郎,25
テスト太郎,25
テスト太郎,25
テスト太郎,25
テスト太郎,25
テスト太郎,25
テスト太郎,25
テスト太郎,25
テスト太郎,25
テスト太郎,25
テスト太郎,25
テスト太郎,25
テスト太郎,25
テスト太郎,25
テスト太郎,25
テスト太郎,25
テスト太郎,25
テスト太郎,25
テスト太郎,25
テスト太郎,25
テスト太郎,25
テスト太郎,25
テスト太郎,25
テスト太郎,25
テスト太郎,25
テスト太郎,25
テスト太郎,25
テスト太郎,25
テスト太郎,25
テスト太郎,25
テスト太郎,25
テスト太郎,25
テスト太郎,25
テスト太郎,25
テスト太郎,25
テスト太郎,25
テスト太郎,25
テスト太郎,25
テスト太郎,25
テスト太郎,25
テスト太郎,25
テスト太郎,25
テスト太郎,25
テスト太郎,25
テスト太郎,25
テスト太郎,25
テスト太郎,25
テスト太郎,25
テスト太郎,25
テスト太郎,25
テスト太郎,25
テスト太郎,25
テスト太郎,25
テスト太郎,25
テスト太郎,25
テスト太郎,25
テスト太郎,25
テスト太郎,25
テスト太郎,25
テスト太郎,25
テスト太郎,25
テスト太郎,25
テスト太郎,25
テスト太郎,25
テスト太郎,25
テスト太郎,25
テスト太郎,25
テスト太郎,25
テスト太郎,25
テスト太郎,25
テスト太郎,25
テスト太郎,25
テスト太郎,25
テスト太郎,25
テスト太郎,25
テスト太郎,25
テスト太郎,25
テスト太郎,25
テスト太郎,25
テスト太郎,25
テスト太郎,25
テスト太郎,25
テスト太郎,25
テスト太郎,25
テスト太郎,25
テスト太郎,25
テスト太郎,25
テスト太郎,25
テスト太郎,25
テスト太郎,25
テスト太郎,25
テスト太郎,25
テスト太郎,25
テスト太郎,25
テスト太郎,25
テスト太郎,25
テスト太郎,25
テスト太郎,25
テスト太郎,25
テスト太郎,25
テスト太郎,25
テスト太郎,25
テスト太郎,25
テスト太郎,25
テスト太郎,25
テスト太郎,25
テスト太郎,25
テスト太郎,25
テスト太郎,25
テスト太郎,25
テスト太郎,25
テスト太郎,25
テスト太郎,25
テスト太郎,25
テスト太郎,25
テスト太郎,25
テスト太郎,25
テスト太郎,25
テスト太郎,25
テスト太郎,25
テスト太郎,25
テスト太郎,25
テスト太郎,25
テスト太郎,25
テスト太郎,25
テスト太郎,25
テスト太郎,25
テスト太郎,25
テスト太郎,25
テスト太郎,25
テスト太郎,25
テスト太郎,25
テスト太郎,25
テスト太郎,25
テスト太郎,25
テスト太郎,25
テスト太郎,25
テスト太郎,25
テスト太郎,25
テスト太郎,25
テスト太郎,25
テスト太郎,25
テスト太郎,25
テスト太郎,25
テスト太郎,25
テスト太郎,25
テスト太郎,25
テスト太郎,25
テスト太郎,25
テスト太郎,25
テスト太郎,25
テスト太郎,25
テスト太郎,25
テスト太郎,25
テスト太郎,25
テスト太郎,25
テスト太郎,25
テスト太郎,25
テスト太郎,25
テスト太郎,25
テスト太郎,25
テスト太郎,25
テスト太郎,25
テスト太郎,25
テスト太郎,25
テスト太郎,25
テスト太郎,25
テスト太郎,25
テスト太郎,25
テスト太郎,25
テスト太郎,25
テスト太郎,25
テスト太郎,25
テスト太郎,25
テスト太郎,25
テスト太郎,25
テスト太郎,25
テスト太郎,25
テスト太郎,25
テスト太郎,25
テスト太郎,25
テスト太郎,25
テスト太郎,25
テスト太郎,25
テスト太郎,25
テスト太郎,25
テスト太郎,25
テスト太郎,25
テスト太郎,25
テスト太郎,25
テスト太郎,25
テスト太郎,25
テスト太郎,25
テスト太郎,25
テスト太郎,25
テスト太郎,25
テスト太郎,25
テスト太郎,25
テスト太郎,25
テスト太郎,25
テスト太郎,25
テスト太郎,25
テスト太郎,25
テスト太郎,25
テスト太郎,25
テスト太郎,25
テスト太郎,25
テスト太郎,25
テスト太郎,25
テスト太郎,25
テスト太郎,25
テスト太郎,25
テスト太郎,25
テスト太郎,25
テスト太郎,25
テスト太郎,25
テスト太郎,25
テスト太郎,25
テスト太郎,25
テスト太郎,25
テスト太郎,25
テスト太郎,25
テスト太郎,25
テスト太郎,25
テスト太郎,25
テスト太郎,25
テスト太郎,25
テスト太郎,25
テスト太郎,25
テスト太郎,25
テスト太郎,25
テスト太郎,25
テスト太郎,25
テスト太郎,25
テスト太郎,25
テスト太郎,25
テスト太郎,25
テスト太郎,25
テスト太郎,25
テスト太郎,25
テスト太郎,25
テスト太郎,25
テスト太郎,25
テスト太郎,25
テスト太郎,25
テスト太郎,25
テスト太郎,25
テスト太郎,25
テスト太郎,25
テスト太郎,25
テスト太郎,25
テスト太郎,25
テスト太郎,25
テスト太郎,25
テスト太郎,25
テスト太郎,25
テスト太郎,25
テスト太郎,25
テスト太郎,25
テスト太郎,25
テスト太郎,25
テスト太郎,25
テスト太郎,25
テスト太郎,25
テスト太郎,25
テスト太郎,25
テスト太郎,25
テスト太郎,25
テスト太郎,25
テスト太郎,25
テスト太郎,25
テスト太郎,25
テスト太郎,25
テスト太郎,25
テスト太郎,25
テスト太郎,25
テスト太郎,25
テスト太郎,25
テスト太郎,25
テスト太郎,25
テスト太郎,25
テスト太郎,25
テスト太郎,25
テスト太郎,25
テスト太郎,25
テスト太郎,25
テスト太郎,25
テスト太郎,25
テスト太郎,25
テスト太郎,25
テスト太郎,25
テスト太郎,25
テスト太郎,25
テスト太郎,25
テスト太郎,25
テスト太郎,25
テスト太郎,25
テスト太郎,25
テスト太郎,25
テスト太郎,25
テスト太郎,25
テスト太郎,25
テスト太郎,25
テスト太郎,25
テスト太郎,25
テスト太郎,25
テスト太郎,25
テスト太郎,25
テスト太郎,25
テスト太郎,25
テスト太郎,25
テスト太郎,25
テスト太郎,25
テスト太郎,25
テスト太郎,25
テスト太郎,25
テスト太郎,25
テスト太郎,25
テスト太郎,25
テスト太郎,25
テスト太郎,25
テスト太郎,25
テスト太郎,25
テスト太郎,25
テスト太郎,25
テスト太郎,25
テスト太郎,25
テスト太郎,25
テスト太郎,25
テスト太郎,25
テスト太郎,25
テスト太郎,25
テスト太郎,25
テスト太郎,25
テスト太郎,25
テスト太郎,25
テスト太郎,25
テスト太郎,25
テスト太郎,25
テスト太郎,25
テスト太郎,25
テスト太郎,25
テスト太郎,25
テスト太郎,25
テスト太郎,25
テスト太郎,25
テスト太郎,25
テスト太郎,25
テスト太郎,25
テスト太郎,25
テスト太郎,25
テスト太郎,25
テスト太郎,25
テスト太郎,25
テスト太郎,25
テスト太郎,25
テスト太郎,25
テスト太郎,25
テスト太郎,25
テスト太郎,25
テスト太郎,25
テスト太郎,25
テスト太郎,25
テスト太郎,25
テスト太郎,25
テスト太郎,25
テスト太郎,25
テスト太郎,25
テスト太郎,25
テスト太郎,25
テスト太郎,25
テスト太郎,25
テスト太郎,25
テスト太郎,25
テスト太郎,25
テスト太郎,25
テスト太郎,25
テスト太郎,25
テスト太郎,25
テスト太郎,25
テスト太郎,25
テスト太郎,25
テスト太郎,25
テスト太郎,25
テスト太郎,25
テスト太郎,25
テスト太郎,25
テスト太郎,25
テスト太郎,25
テスト太郎,25
テスト太郎,25
テスト太郎,25
テスト太郎,25
テスト太郎,25
テスト太郎,25
テスト太郎,25
テスト太郎,25
テスト太郎,25
テスト太郎,25
テスト太郎,25
テスト太郎,25
テスト太郎,25
テスト太郎,25
テスト太郎,25
テスト太郎,25
テスト太郎,25
テスト太郎,25
テスト太郎,25
テスト太郎,25
テスト太郎,25
テスト太郎,25
テスト太郎,25
テスト太郎,25
テスト太郎,25
テスト太郎,25
テスト太郎,25
テスト太郎,25
テスト太郎,25
テスト太郎,25
テスト太郎,25
テスト太郎,25
テスト太郎,25
テスト太郎,25
テスト太郎,25
テスト太郎,25
テスト太郎,25
テスト太郎,25
テスト太郎,25
テスト太郎,25
テスト太郎,25
テスト太郎,25
テスト太郎,25
テスト太郎,25
テスト太郎,25
テスト太郎,25
テスト太郎,25
テスト太郎,25
テスト太郎,25
テスト太郎,25
テスト太郎,25
テスト太郎,25
テスト太郎,25
テスト太郎,25
テスト太郎,25
テスト太郎,25
テスト太郎,25
テスト太郎,25
テスト太郎,25
テスト太郎,25
テスト太郎,25
テスト太郎,25
テスト太郎,25
テスト太郎,25
テスト太郎,25
テスト太郎,25
テスト太郎,25
テスト太郎,25
テスト太郎,25
テスト太郎,25
テスト太郎,25
テスト太郎,25
テスト太郎,25
テスト太郎,25
テスト太郎,25
テスト太郎,25
テスト太郎,25
テスト太郎,25
テスト太郎,25
テスト太郎,25
テスト太郎,25
テスト太郎,25
テスト太郎,25
テスト太郎,25
テスト太郎,25
テスト太郎,25
テスト太郎,25
テスト太郎,25
テスト太郎,25
テスト太郎,25
テスト太郎,25
テスト太郎,25
テスト太郎,25
テスト太郎,25
テスト太郎,25
テスト太郎,25
テスト太郎,25
テスト太郎,25
テスト太郎,25
テスト太郎,25
テスト太郎,25
テスト太郎,25
テスト太郎,25
テスト太郎,25
テスト太郎,25
テスト太郎,25
テスト太郎,25
テスト太郎,25
テスト太郎,25
テスト太郎,25
テスト太郎,25
テスト太郎,25
テスト太郎,25
テスト太郎,25
テスト太郎,25
テスト太郎,25
テスト太郎,25
テスト太郎,25
テスト太郎,25
テスト太郎,25
テスト太郎,25
テスト太郎,25
テスト太郎,25
テスト太郎,25
テスト太郎,25
テスト太郎,25
テスト太郎,25
テスト太郎,25
テスト太郎,25
テスト太郎,25
テスト太郎,25
テスト太郎,25
テスト太郎,25
テスト太郎,25
テスト太郎,25
テスト太郎,25
テスト太郎,25
テスト太郎,25
テスト太郎,25
テスト太郎,25
テスト太郎,25
テスト太郎,25
テスト太郎,25
テスト太郎,25
テスト太郎,25
テスト太郎,25
テスト太郎,25
テスト太郎,25
テスト太郎,25
テスト太郎,25
テスト太郎,25
テスト太郎,25
テスト太郎,25
テスト太郎,25
テスト太郎,25
テスト太郎,25
テスト太郎,25
テスト太郎,25
テスト太郎,25
テスト太郎,25
テスト太郎,25
テスト太郎,25
テスト太郎,25
テスト太郎,25
テスト太郎,25
テスト太郎,25
テスト太郎,25
テスト太郎,25
テスト太郎,25
テスト太郎,25
テスト太郎,25
テスト太郎,25
テスト太郎,25
テスト太郎,25
テスト太郎,25
テスト太郎,25
テスト太郎,25
テスト太郎,25
テスト太郎,25
テスト太郎,25
テスト太郎,25
テスト太郎,25
テスト太郎,25
テスト太郎,25
テスト太郎,25
テスト太郎,25
テスト太郎,25
テスト太郎,25
テスト太郎,25
テスト太郎,25
テスト太郎,25
テスト太郎,25
テスト太郎,25
テスト太郎,25
テスト太郎,25
テスト太郎,25
テスト太郎,25
テスト太郎,25
テスト太郎,25
テスト太郎,25
テスト太郎,25
テスト太郎,25
テスト太郎,25
テスト太郎,25
テスト太郎,25
テスト太郎,25
テスト太郎,25
テスト太郎,25
テスト太郎,25
テスト太郎,25
テスト太郎,25
テスト太郎,25
テスト太郎,25
テスト太郎,25
テスト太郎,25
テスト太郎,25
テスト太郎,25
テスト太郎,25
テスト太郎,25
テスト太郎,25
テスト太郎,25
テスト太郎,25
テスト太郎,25
テスト太郎,25
テスト太郎,25
テスト太郎,25
テスト太郎,25
テスト太郎,25
テスト太郎,25
テスト太郎,25
テスト太郎,25
テスト太郎,25
テスト太郎,25
テスト太郎,25
テスト太郎,25
テスト太郎,25
テスト太郎,25
テスト太郎,25
テスト太郎,25
テスト太郎,25
テスト太郎,25
テスト太郎,25
テスト太郎,25
テスト太郎,25
テスト太郎,25
テスト太郎,25
テスト太郎,25
テスト太郎,25
テスト太郎,25
テスト太郎,25
テスト太郎,25
テスト太郎,25
テスト太郎,25
テスト太郎,25
テスト太郎,25
テスト太郎,25
テスト太郎,25
テスト太郎,25
テスト太郎,25
テスト太郎,25
テスト太郎,25
テスト太郎,25
テスト太郎,25
テスト太郎,25
テスト太郎,25
テスト太郎,25
テスト太郎,25
テスト太郎,25
テスト太郎,25
テスト太郎,25
テスト太郎,25
テスト太郎,25
テスト太郎,25
テスト太郎,25
テスト太郎,25
テスト太郎,25
テスト太郎,25
テスト太郎,25
テスト太郎,25
テスト太郎,25
テスト太郎,25
テスト太郎,25
テスト太郎,25
テスト太郎,25
テスト太郎,25
テスト太郎,25
テスト太郎,25
テスト太郎,25
テスト太郎,25
テスト太郎,25
テスト太郎,25
テスト太郎,25
テスト太郎,25
テスト太郎,25
テスト太郎,25
テスト太郎,25
テスト太郎,25
テスト太郎,25
テスト太郎,25
テスト太郎,25
テスト太郎,25
テスト太郎,25
テスト太郎,25
テスト太郎,25
テスト太郎,25
テスト太郎,25
テスト太郎,25
テスト太郎,25
テスト太郎,25
テスト太郎,25
テスト太郎,25
テスト太郎,25
テスト太郎,25
テスト太郎,25
テスト太郎,25
テスト太郎,25
テスト太郎,25
テスト太郎,25
テスト太郎,25
テスト太郎,25
テスト太郎,25
テスト太郎,25
テスト太郎,25
テスト太郎,25
テスト太郎,25
テスト太郎,25
テスト太郎,25
テスト太郎,25
テスト太郎,25
テスト太郎,25
テスト太郎,25
テスト太郎,25
テスト太郎,25
テスト太郎,25
テスト太郎,25
テスト太郎,25
テスト太郎,25
テスト太郎,25
テスト太郎,25
テスト太郎,25
テスト太郎,25
テスト太郎,25
テスト太郎,25
テスト太郎,25
テスト太郎,25
テスト太郎,25
テスト太郎,25
テスト太郎,25
テスト太郎,25
テスト太郎,25
テスト太郎,25
テスト太郎,25
テスト太郎,25
テスト太郎,25
テスト太郎,25
テスト太郎,25
テスト太郎,25
テスト太郎,25
テスト太郎,25
テスト太郎,25
テスト太郎,25
テスト太郎,25
テスト太郎,25
テスト太郎,25
テスト太郎,25
テスト太郎,25
テスト太郎,25
テスト太郎,25
テスト太郎,25
テスト太郎,25
テスト太郎,25
テスト太郎,25
テスト太郎,25
テスト太郎,25
テスト太郎,25
テスト太郎,25
テスト太郎,25
テスト太郎,25
テスト太郎,25
テスト太郎,25
テスト太郎,25
テスト太郎,25
テスト太郎,25
テスト太郎,25
テスト太郎,25
テスト太郎,25
テスト太郎,25
テスト太郎,25
テスト太郎,25
テスト太郎,25
テスト太郎,25
テスト太郎,25
テスト太郎,25
テスト太郎,25
テスト太郎,25
テスト太郎,25
テスト太郎,25
テスト太郎,25
テスト太郎,25
テスト太郎,25
テスト太郎,25
テスト太郎,25
テスト太郎,25
テスト太郎,25
テスト太郎,25
テスト太郎,25
テスト太郎,25
テスト太郎,25
テスト太郎,25
テスト太郎,25
テスト太郎,25
テスト太郎,25
テスト太郎,25
テスト太郎,25
テスト太郎,25
テスト太郎,25
テスト太郎,25
テスト太郎,25
テスト太郎,25
テスト太郎,25
テスト太郎,25
テスト太郎,25
テスト太郎,25
テスト太郎,25
テスト太郎,25
テスト太郎,25
テスト太郎,25
テスト太郎,25
テスト太郎,25
テスト太郎,25
テスト太郎,25
テスト太郎,25
テスト太郎,25
テスト太郎,25
テスト太郎,25
テスト太郎,25
テスト太郎,25
テスト太郎,25
テスト太郎,25
テスト太郎,25
テスト太郎,25
テスト太郎,25
テスト太郎,25
テスト太郎,25
テスト太郎,25
テスト太郎,25
テスト太郎,25
テスト太郎,25
テスト太郎,25
テスト太郎,25
テスト太郎,25
テスト太郎,25
テスト太郎,25
テスト太郎,25
テスト太郎,25
テスト太郎,25
テスト太郎,25
テスト太郎,25
テスト太郎,25
テスト太郎,25
テスト太郎,25
テスト太郎,25
テスト太郎,25
テスト太郎,25
テスト太郎,25
テスト太郎,25
テスト太郎,25
テスト太郎,25
テスト太郎,25
テスト太郎,25
テスト太郎,25
テスト太郎,25
テスト太郎,25
テスト太郎,25
テスト太郎,25
テスト太郎,25
テスト太郎,25
テスト太郎,25
テスト太郎,25
テスト太郎,25
テスト太郎,25
テスト太郎,25
テスト太郎,25
テスト太郎,25
テスト太郎,25
テスト太郎,25
テスト太郎,25
テスト太郎,25
テスト太郎,25
テスト太郎,25
テスト太郎,25
テスト太郎,25
テスト太郎,25
テスト太郎,25
テスト太郎,25
テスト太郎,25
テスト太郎,25
テスト太郎,25
テスト太郎,25
テスト太郎,25
テスト太郎,25
テスト太郎,25
テスト太郎,25
テスト太郎,25
テスト太郎,25
テスト太郎,25
テスト太郎,25
テスト太郎,25
テスト太郎,25
テスト太郎,25
テスト太郎,25
テスト太郎,25
テスト太郎,25
テスト太郎,25
テスト太郎,25
テスト太郎,25
テスト太郎,25
テスト太郎,25
テスト太郎,25
テスト太郎,25
テスト太郎,25
テスト太郎,25
テスト太郎,25
テスト太郎,25
テスト太郎,25
テスト太郎,25
テスト太郎,25
テスト太郎,25
テスト太郎,25
テスト太郎,25
テスト太郎,25
テスト太郎,25
テスト太郎,25
テスト太郎,25
テスト太郎,25
テスト太郎,25
テスト太郎,25
テスト太郎,25
テスト太郎,25
テスト太郎,25
テスト太郎,25
テスト太郎,25
テスト太郎,25
テスト太郎,25
テスト太郎,25
テスト太郎,25
テスト太郎,25
テスト太郎,25
テスト太郎,25
テスト太郎,25
テスト太郎,25
テスト太郎,25
テスト太郎,25
テスト太郎,25
テスト太郎,25
テスト太郎,25
テスト太郎,25
テスト太郎,25
テスト太郎,25
テスト太郎,25
テスト太郎,25
テスト太郎,25
テスト太郎,25
テスト太郎,25
テスト太郎,25
テスト太郎,25
テスト太郎,25
テスト太郎,25
テスト太郎,25
テスト太郎,25
テスト太郎,25
テスト太郎,25
テスト太郎,25
テスト太郎,25
テスト太郎,25
テスト太郎,25
テスト太郎,25
テスト太郎,25
テスト太郎,25
テスト太郎,25
テスト太郎,25
テスト太郎,25
テスト太郎,25
テスト太郎,25
テスト太郎,25
テスト太郎,25
テスト太郎,25
テスト太郎,25
テスト太郎,25
テスト太郎,25
テスト太郎,25
テスト太郎,25
テスト太郎,25
テスト太郎,25
テスト太郎,25
テスト太郎,25
テスト太郎,25
テスト太郎,25
テスト太郎,25
テスト太郎,25
テスト太郎,25
テスト太郎,25
テスト太郎,25
テスト太郎,25
テスト太郎,25
テスト太郎,25
テスト太郎,25
テスト太郎,25
テスト太郎,25
テスト太郎,25
テスト太郎,25
テスト太郎,25
テスト太郎,25
テスト太郎,25
テスト太郎,25
テスト太郎,25
テスト太郎,25
テスト太郎,25
テスト太郎,25
テスト太郎,25
テスト太郎,25
テスト太郎,25
テスト太郎,25
テスト太郎,25
テスト太郎,25
テスト太郎,25
テスト太郎,25
テスト太郎,25
テスト太郎,25
テスト太郎,25
テスト太郎,25
テスト太郎,25
テスト太郎,25
テスト太郎,25
テスト太郎,25
テスト太郎,25
テスト太郎,25
テスト太郎,25
テスト太郎,25
テスト太郎,25
テスト太郎,25
テスト太郎,25
テスト太郎,25
テスト太郎,25
テスト太郎,25
テスト太郎,25
テスト太郎,25
テスト太郎,25
テスト太郎,25
テスト太郎,25
テスト太郎,25
テスト太郎,25
テスト太郎,25
テスト太郎,25
テスト太郎,25
テスト太郎,25
テスト太郎,25
テスト太郎,25
テスト太郎,25
テスト太郎,25
テスト太郎,25
テスト太郎,25
テスト太郎,25
テスト太郎,25
テスト太郎,25
テスト太郎,25
テスト太郎,25
テスト太郎,25
テスト太郎,25
テスト太郎,25
テスト太郎,25
テスト太郎,25
テスト太郎,25
テスト太郎,25
テスト太郎,25
テスト太郎,25
テスト太郎,25
テスト太郎,25
テスト太郎,25
テスト太郎,25
テスト太郎,25
テスト太郎,25
テスト太郎,25
テスト太郎,25
テスト太郎,25
テスト太郎,25
テスト太郎,25
テスト太郎,25
テスト太郎,25
テスト太郎,25
テスト太郎,25
テスト太郎,25
テスト太郎,25
テスト太郎,25
テスト太郎,25
テスト太郎,25
テスト太郎,25
テスト太郎,25
テスト太郎,25
テスト太郎,25
テスト太郎,25
テスト太郎,25
テスト太郎,25
テスト太郎,25
テスト太郎,25
テスト太郎,25
テスト太郎,25
テスト太郎,25
テスト太郎,25
テスト太郎,25
テスト太郎,25
テスト太郎,25
テスト太郎,25
テスト太郎,25
テスト太郎,25
テスト太郎,25
テスト太郎,25
テスト太郎,25
テスト太郎,25
テスト太郎,25
テスト太郎,25
テスト太郎,25
テスト太郎,25
テスト太郎,25
テスト太郎,25
テスト太郎,25
テスト太郎,25
テスト太郎,25
テスト太郎,25
テスト太郎,25
テスト太郎,25
テスト太郎,25
テスト太郎,25
テスト太郎,25
テスト太郎,25
テスト太郎,25
テスト太郎,25
テスト太郎,25
テスト太郎,25
テスト太郎,25
テスト太郎,25
テスト太郎,25
テスト太郎,25
テスト太郎,25
テスト太郎,25
テスト太郎,25
テスト太郎,25
テスト太郎,25
テスト太郎,25
テスト太郎,25
テスト太郎,25
テスト太郎,25
テスト太郎,25
テスト太郎,25
テスト太郎,25
テスト太郎,25
テスト太郎,25
テスト太郎,25
テスト太郎,25
テスト太郎,25
テスト太郎,25
テスト太郎,25
テスト太郎,25
テスト太郎,25
テスト太郎,25
テスト太郎,25
テスト太郎,25
テスト太郎,25
テスト太郎,25
テスト太郎,25
テスト太郎,25
テスト太郎,25
テスト太郎,25
テスト太郎,25
テスト太郎,25
テスト太郎,25
テスト太郎,25
テスト太郎,25
テスト太郎,25
テスト太郎,25
テスト太郎,25
テスト太郎,25
テスト太郎,25
テスト太郎,25
テスト太郎,25
テスト太郎,25
テスト太郎,25
テスト太郎,25
テスト太郎,25
テスト太郎,25
テスト太郎,25
テスト太郎,25
テスト太郎,25
テスト太郎,25
テスト太郎,25
テスト太郎,25
テスト太郎,25
テスト太郎,25
テスト太郎,25
テスト太郎,25
テスト太郎,25
テスト太郎,25
テスト太郎,25
テスト太郎,25
テスト太郎,25
テスト太郎,25
テスト太郎,25
テスト太郎,25
テスト太郎,25
テスト太郎,25
テスト太郎,25
テスト太郎,25
テスト太郎,25
テスト太郎,25
テスト太郎,25
テスト太郎,25
テスト太郎,25
テスト太郎,25
テスト太郎,25
テスト太郎,25
テスト太郎,25
テスト太郎,25
テスト太郎,25
テスト太郎,25
テスト太郎,25
テスト太郎,25
テスト太郎,25
テスト太郎,25
テスト太郎,25
テスト太郎,25
テスト太郎,25
テスト太郎,25
テスト太郎,25
テスト太郎,25
テスト太郎,25
テスト太郎,25
テスト太郎,25
テスト太郎,25
テスト太郎,25
テスト太郎,25
テスト太郎,25
テスト太郎,25
テスト太郎,25
テスト太郎,25
テスト太郎,25
テスト太郎,25
テスト太郎,25
テスト太郎,25
テスト太郎,25
テスト太郎,25
テスト太郎,25
テスト太郎,25
テスト太郎,25
テスト太郎,25
テスト太郎,25
テスト太郎,25
テスト太郎,25
テスト太郎,25
テスト太郎,25
テスト太郎,25
テスト太郎,25
テスト太郎,25
テスト太郎,25
テスト太郎,25
テスト太郎,25
テスト太郎,25
テスト太郎,25
テスト太郎,25
テスト太郎,25
テスト太郎,25
テスト太郎,25
テスト太郎,25
テスト太郎,25
テスト太郎,25
テスト太郎,25
テスト太郎,25
テスト太郎,25
テスト太郎,25
テスト太郎,25
テスト太郎,25
テスト太郎,25
テスト太郎,25
テスト太郎,25
テスト太郎,25
テスト太郎,25
テスト太郎,25
テスト太郎,25
テスト太郎,25
テスト太郎,25
テスト太郎,25
テスト太郎,25
テスト太郎,25
テスト太郎,25
テスト太郎,25
テスト太郎,25
テスト太郎,25
テスト太郎,25
テスト太郎,25
テスト太郎,25
テスト太郎,25
テスト太郎,25
テスト太郎,25
テスト太郎,25
テスト太郎,25
テスト太郎,25
テスト太郎,25
テスト太郎,25
テスト太郎,25
テスト太郎,25
テスト太郎,25
テスト太郎,25
テスト太郎,25
テスト太郎,25
テスト太郎,25
テスト太郎,25
テスト太郎,25
テスト太郎,25
テスト太郎,25
テスト太郎,25
テスト太郎,25
テスト太郎,25
テスト太郎,25
テスト太郎,25
テスト太郎,25
テスト太郎,25
テスト太郎,25
テスト太郎,25
テスト太郎,25
テスト太郎,25
テスト太郎,25
テスト太郎,25
テスト太郎,25
テスト太郎,25
テスト太郎,25
テスト太郎,25
テスト太郎,25
テスト太郎,25
テスト太郎,25
テスト太郎,25
テスト太郎,25
テスト太郎,25
テスト太郎,25
テスト太郎,25
テスト太郎,25
テスト太郎,25
テスト太郎,25
テスト太郎,25
テスト太郎,25
テスト太郎,25
テスト太郎,25
テスト太郎,25
テスト太郎,25
テスト太郎,25
テスト太郎,25
テスト太郎,25
テスト太郎,25
テスト太郎,25
テスト太郎,25
テスト太郎,25
テスト太郎,25
テスト太郎,25
テスト太郎,25
テスト太郎,25
テスト太郎,25
テスト太郎,25
テスト太郎,25
テスト太郎,25
テスト太郎,25
テスト太郎,25
テスト太郎,25
テスト太郎,25
テスト太郎,25
テスト太郎,25
テスト太郎,25
テスト太郎,25
テスト太郎,25
テスト太郎,25
テスト太郎,25
テスト太郎,25
テスト太郎,25
テスト太郎,25
テスト太郎,25
テスト太郎,25
テスト太郎,25
テスト太郎,25
テスト太郎,25
テスト太郎,25
テスト太郎,25
テスト太郎,25
テスト太郎,25
テスト太郎,25
テスト太郎,25
テスト太郎,25
テスト太郎,25
テスト太郎,25
テスト太郎,25
テスト太郎,25
テスト太郎,25
テスト太郎,25
テスト太郎,25
テスト太郎,25
テスト太郎,25
テスト太郎,25
テスト太郎,25
テスト太郎,25
テスト太郎,25
テスト太郎,25
テスト太郎,25
テスト太郎,25
テスト太郎,25
テスト太郎,25
テスト太郎,25
テスト太郎,25
テスト太郎,25
テスト太郎,25
テスト太郎,25
テスト太郎,25
テスト太郎,25
テスト太郎,25
テスト太郎,25
テスト太郎,25
テスト太郎,25
テスト太郎,25
テスト太郎,25
テスト太郎,25
テスト太郎,25
テスト太郎,25
テスト太郎,25
テスト太郎,25
テスト太郎,25
テスト太郎,25
テスト太郎,25
テスト太郎,25
テスト太郎,25
テスト太郎,25
テスト太郎,25
テスト太郎,25
テスト太郎,25
テスト太郎,25
テスト太郎,25
テスト太郎,25
テスト太郎,25
テスト太郎,25
テスト太郎,25
テスト太郎,25
テスト太郎,25
テスト太郎,25
テスト太郎,25
テスト太郎,25
テスト太郎,25
テスト太郎,25
テスト太郎,25
テスト太郎,25
テスト太郎,25
テスト太郎,25
テスト太郎,25
テスト太郎,25
テスト太郎,25
テスト太郎,25
テスト太郎,25
テスト太郎,25
テスト太郎,25
テスト太郎,25
テスト太郎,25
テスト太郎,25
テスト太郎,25
テスト太郎,25
テスト太郎,25
テスト太郎,25
テスト太郎,25
テスト太郎,25
テスト太郎,25
テスト太郎,25
テスト太郎,25
テスト太郎,25
テスト太郎,25
テスト太郎,25
テスト太郎,25
テスト太郎,25
テスト太郎,25
テスト太郎,25
テスト太郎,25
テスト太郎,25
テスト太郎,25
テスト太郎,25
テスト太郎,25
テスト太郎,25
テスト太郎,25
テスト太郎,25
テスト太郎,25
テスト太郎,25
テスト太郎,25
テスト太郎,25
テスト太郎,25
テスト太郎,25
テスト太郎,25
テスト太郎,25
テスト太郎,25
テスト太郎,25
テスト太郎,25
テスト太郎,25
テスト太郎,25
テスト太郎,25
テスト太郎,25
テスト太郎,25
テスト太郎,25
テスト太郎,25
テスト太郎,25
テスト太郎,25
テスト太郎,25
テスト太郎,25
テスト太郎,25
テスト太郎,25
テスト太郎,25
テスト太郎,25
テスト太郎,25
テスト太郎,25
テスト太郎,25
テスト太郎,25
テスト太郎,25
テスト太郎,25
テスト太郎,25
テスト太郎,25
テスト太郎,25
テスト太郎,25
テスト太郎,25
テスト太郎,25
テスト太郎,25
テスト太郎,25
テスト太郎,25
テスト太郎,25
テスト太郎,25
テスト太郎,25
テスト太郎,25
テスト太郎,25
テスト太郎,25
テスト太郎,25
テスト太郎,25
テスト太郎,25
テスト太郎,25
テスト太郎,25
テスト太郎,25
テスト太郎,25
テスト太郎,25
テスト太郎,25
テスト太郎,25
テスト太郎,25
テスト太郎,25
テスト太郎,25
テスト太郎,25
テスト太郎,25
テスト太郎,25
テスト太郎,25
テスト太郎,25
テスト太郎,25
テスト太郎,25
テスト太郎,25
テスト太郎,25
テスト太郎,25
テスト太郎,25
テスト太郎,25
テスト太郎,25
テスト太郎,25
テスト太郎,25
テスト太郎,25
テスト太郎,25
テスト太郎,25
テスト太郎,25
テスト太郎,25
テスト太郎,25
テスト太郎,25
テスト太郎,25
テスト太郎,25
テスト太郎,25
テスト太郎,25
テスト太郎,25
テスト太郎,25
テスト太郎,25
テスト太郎,25
テスト太郎,25
テスト太郎,25
テスト太郎,25
テスト太郎,25
テスト太郎,25
テスト太郎,25
テスト太郎,25
テスト太郎,25
テスト太郎,25
テスト太郎,25
テスト太郎,25
テスト太郎,25
テスト太郎,25
テスト太郎,25
テスト太郎,25
テスト太郎,25
テスト太郎,25
テスト太郎,25
テスト太郎,25
テスト太郎,25
テスト太郎,25
テスト太郎,25
テスト太郎,25
テスト太郎,25
テスト太郎,25
テスト太郎,25
テスト太郎,25
テスト太郎,25
テスト太郎,25
テスト太郎,25
テスト太郎,25
テスト太郎,25
テスト太郎,25
テスト太郎,25
テスト太郎,25
テスト太郎,25
テスト太郎,25
テスト太郎,25
テスト太郎,25
テスト太郎,25
テスト太郎,25
テスト太郎,25
テスト太郎,25
テスト太郎,25
テスト太郎,25
テスト太郎,25
テスト太郎,25
テスト太郎,25
テスト太郎,25
テスト太郎,25
テスト太郎,25
テスト太郎,25
テスト太郎,25
テスト太郎,25
テスト太郎,25
テスト太郎,25
テスト太郎,25
テスト太郎,25
テスト太郎,25
テスト太郎,25
テスト太郎,25
テスト太郎,25
テスト太郎,25
テスト太郎,25
テスト太郎,25
テスト太郎,25
テスト太郎,25
テスト太郎,25
テスト太郎,25
テスト太郎,25
テスト太郎,25
テスト太郎,25
テスト太郎,25
テスト太郎,25
テスト太郎,25
テスト太郎,25
テスト太郎,25
テスト太郎,25
テスト太郎,25
テスト太郎,25
テスト太郎,25
テスト太郎,25
テスト太郎,25
テスト太郎,25
テスト太郎,25
テスト太郎,25
テスト太郎,25
テスト太郎,25
テスト太郎,25
テスト太郎,25
テスト太郎,25
テスト太郎,25
テスト太郎,25
テスト太郎,25
テスト太郎,25
テスト太郎,25
テスト太郎,25
テスト太郎,25
テスト太郎,25
テスト太郎,25
テスト太郎,25
テスト太郎,25
テスト太郎,25
テスト太郎,25
テスト太郎,25
テスト太郎,25
テスト太郎,25
テスト太郎,25
テスト太郎,25
テスト太郎,25
テスト太郎,25
テスト太郎,25
テスト太郎,25
テスト太郎,25
テスト太郎,25
テスト太郎,25
テスト太郎,25
テスト太郎,25
テスト太郎,25
テスト太郎,25
テスト太郎,25
テスト太郎,25
テスト太郎,25
テスト太郎,25
テスト太郎,25
テスト太郎,25
テスト太郎,25
テスト太郎,25
テスト太郎,25
テスト太郎,25
テスト太郎,25
テスト太郎,25
テスト太郎,25
テスト太郎,25
テスト太郎,25
テスト太郎,25
テスト太郎,25
テスト太郎,25
テスト太郎,25
テスト太郎,25
テスト太郎,25
テスト太郎,25
テスト太郎,25
テスト太郎,25
テスト太郎,25
テスト太郎,25
テスト太郎,25
テスト太郎,25
テスト太郎,25
テスト太郎,25
テスト太郎,25
テスト太郎,25
テスト太郎,25
テスト太郎,25
テスト太郎,25
テスト太郎,25
テスト太郎,25
テスト太郎,25
テスト太郎,25
テスト太郎,25
テスト太郎,25
テスト太郎,25
テスト太郎,25
テスト太郎,25
テスト太郎,25
テスト太郎,25
テスト太郎,25
テスト太郎,25
テスト太郎,25
テスト太郎,25
テスト太郎,25
テスト太郎,25
テスト太郎,25
テスト太郎,25
テスト太郎,25
テスト太郎,25
テスト太郎,25
テスト太郎,25
テスト太郎,25
テスト太郎,25
テスト太郎,25
テスト太郎,25
テスト太郎,25
テスト太郎,25
テスト太郎,25
テスト太郎,25
テスト太郎,25
テスト太郎,25
テスト太郎,25
テスト太郎,25
テスト太郎,25
テスト太郎,25
テスト太郎,25
テスト太郎,25
テスト太郎,25
テスト太郎,25
テスト太郎,25
テスト太郎,25
テスト太郎,25
テスト太郎,25
テスト太郎,25
テスト太郎,25
テスト太郎,25
テスト太郎,25
テスト太郎,25
テスト太郎,25
テスト太郎,25
テスト太郎,25
テスト太郎,25
テスト太郎,25
テスト太郎,25
テスト太郎,25
テスト太郎,25
テスト太郎,25
テスト太郎,25
テスト太郎,25
テスト太郎,25
テスト太郎,25
テスト太郎,25
テスト太郎,25
テスト太郎,25
テスト太郎,25
テスト太郎,25
テスト太郎,25
テスト太郎,25
テスト太郎,25
テスト太郎,25
テスト太郎,25
テスト太郎,25
テスト太郎,25
テスト太郎,25
テスト太郎,25
テスト太郎,25
テスト太郎,25
テスト太郎,25
テスト太郎,25
テスト太郎,25
テスト太郎,25
テスト太郎,25
テスト太郎,25
テスト太郎,25
テスト太郎,25
テスト太郎,25
テスト太郎,25
テスト太郎,25
テスト太郎,25
テスト太郎,25
テスト太郎,25
テスト太郎,25
テスト太郎,25
テスト太郎,25
テスト太郎,25
テスト太郎,25
テスト太郎,25
テスト太郎,25
テスト太郎,25
テスト太郎,25
テスト太郎,25
テスト太郎,25
テスト太郎,25
テスト太郎,25
テスト太郎,25
テスト太郎,25
テスト太郎,25
テスト太郎,25
テスト太郎,25
テスト太郎,25
テスト太郎,25
テスト太郎,25
テスト太郎,25
テスト太郎,25
テスト太郎,25
テスト太郎,25
テスト太郎,25
テスト太郎,25
テスト太郎,25
テスト太郎,25
テスト太郎,25
テスト太郎,25
テスト太郎,25
テスト太郎,25
テスト太郎,25
テスト太郎,25
テスト太郎,25
テスト太郎,25
テスト太郎,25
テスト太郎,25
テスト太郎,25
テスト太郎,25
テスト太郎,25
テスト太郎,25
テスト太郎,25
テスト太郎,25
テスト太郎,25
テスト太郎,25
テスト太郎,25
テスト太郎,25
テスト太郎,25
テスト太郎,25
テスト太郎,25
テスト太郎,25
テスト太郎,25
テスト太郎,25
テスト太郎,25
テスト太郎,25
テスト太郎,25
テスト太郎,25
テスト太郎,25
テスト太郎,25
テスト太郎,25
テスト太郎,25
テスト太郎,25
テスト太郎,25
テスト太郎,25
テスト太郎,25
テスト太郎,25
テスト太郎,25
テスト太郎,25
テスト太郎,25
テスト太郎,25
テスト太郎,25
テスト太郎,25
テスト太郎,25
テスト太郎,25
テスト太郎,25
テスト太郎,25
テスト太郎,25
テスト太郎,25
テスト太郎,25
テスト太郎,25
テスト太郎,25
テスト太郎,25
テスト太郎,25
テスト太郎,25
テスト太郎,25
テスト太郎,25
テスト太郎,25
テスト太郎,25
テスト太郎,25
テスト太郎,25
テスト太郎,25
テスト太郎,25
テスト太郎,25
テスト太郎,25
テスト太郎,25
テスト太郎,25
テスト太郎,25
テスト太郎,25
テスト太郎,25
テスト太郎,25
テスト太郎,25
テスト太郎,25
テスト太郎,25
テスト太郎,25
テスト太郎,25
テスト太郎,25
テスト太郎,25
テスト太郎,25
テスト太郎,25
テスト太郎,25
テスト太郎,25
テスト太郎,25
テスト太郎,25
テスト太郎,25
テスト太郎,25
テスト太郎,25
テスト太郎,25
テスト太郎,25
テスト太郎,25
テスト太郎,25
テスト太郎,25
テスト太郎,25
テスト太郎,25
テスト太郎,25
テスト太郎,25
テスト太郎,25
テスト太郎,25
テスト太郎,25
テスト太郎,25
テスト太郎,25
テスト太郎,25
テスト太郎,25
テスト太郎,25
テスト太郎,25
テスト太郎,25
テスト太郎,25
テスト太郎,25
テスト太郎,25
テスト太郎,25
テスト太郎,25
テスト太郎,25
テスト太郎,25
テスト太郎,25
テスト太郎,25
テスト太郎,25
テスト太郎,25
テスト太郎,25
テスト太郎,25
テスト太郎,25
テスト太郎,25
テスト太郎,25
テスト太郎,25
テスト太郎,25
テスト太郎,25
テスト太郎,25
テスト太郎,25
テスト太郎,25
テスト太郎,25
テスト太郎,25
テスト太郎,25
テスト太郎,25
テスト太郎,25
テスト太郎,25
テスト太郎,25
テスト太郎,25
テスト太郎,25
テスト太郎,25
テスト太郎,25
テスト太郎,25
テスト太郎,25
テスト太郎,25
テスト太郎,25
テスト太郎,25
テスト太郎,25
テスト太郎,25
テスト太郎,25
テスト太郎,25
テスト太郎,25
テスト太郎,25
テスト太郎,25
テスト太郎,25
テスト太郎,25
テスト太郎,25
テスト太郎,25
テスト太郎,25
テスト太郎,25
テスト太郎,25
テスト太郎,25
テスト太郎,25
テスト太郎,25
テスト太郎,25
テスト太郎,25
テスト太郎,25
テスト太郎,25
テスト太郎,25
テスト太郎,25
テスト太郎,25
テスト太郎,25
テスト太郎,25
テスト太郎,25
テスト太郎,25
テスト太郎,25
テスト太郎,25
テスト太郎,25
テスト太郎,25
テスト太郎,25
テスト太郎,25
テスト太郎,25
テスト太郎,25
テスト太郎,25
テスト太郎,25
テスト太郎,25
テスト太郎,25
テスト太郎,25
テスト太郎,25
テスト太郎,25
テスト太郎,25
テスト太郎,25
テスト太郎,25
テスト太郎,25
テスト太郎,25
テスト太郎,25
テスト太郎,25
テスト太郎,25
テスト太郎,25
テスト太郎,25
テスト太郎,25
テスト太郎,25
テスト太郎,25
テスト太郎,25
テスト太郎,25
テスト太郎,25
テスト太郎,25
テスト太郎,25
テスト太郎,25
テスト太郎,25
テスト太郎,25
テスト太郎,25
テスト太郎,25
テスト太郎,25
テスト太郎,25
テスト太郎,25
テスト太郎,25
テスト太郎,25
テスト太郎,25
テスト太郎,25
テスト太郎,25
テスト太郎,25
テスト太郎,25
テスト太郎,25
テスト太郎,25
テスト太郎,25
テスト太郎,25
テスト太郎,25
テスト太郎,25
テスト太郎,25
テスト太郎,25
テスト太郎,25
テスト太郎,25
テスト太郎,25
テスト太郎,25
テスト太郎,25
テスト太郎,25
テスト太郎,25
テスト太郎,25
テスト太郎,25
テスト太郎,25
テスト太郎,25
テスト太郎,25
テスト太郎,25
テスト太郎,25
テスト太郎,25
テスト太郎,25
テスト太郎,25
テスト太郎,25
テスト太郎,25
テスト太郎,25
テスト太郎,25
テスト太郎,25
テスト太郎,25
テスト太郎,25
テスト太郎,25
テスト太郎,25
テスト太郎,25
テスト太郎,25
テスト太郎,25
テスト太郎,25
テスト太郎,25
テスト太郎,25
テスト太郎,25
テスト太郎,25
テスト太郎,25
テスト太郎,25
テスト太郎,25
テスト太郎,25
テスト太郎,25
テスト太郎,25
テスト太郎,25
テスト太郎,25
テスト太郎,25
テスト太郎,25
テスト太郎,25
テスト太郎,25
テスト太郎,25
テスト太郎,25
テスト太郎,25
テスト太郎,25
テスト太郎,25
テスト太郎,25
テスト太郎,25
テスト太郎,25
テスト太郎,25
テスト太郎,25
テスト太郎,25
テスト太郎,25
テスト太郎,25
テスト太郎,25
テスト太郎,25
テスト太郎,25
テスト太郎,25
テスト太郎,25
テスト太郎,25
テスト太郎,25
テスト太郎,25
テスト太郎,25
テスト太郎,25
テスト太郎,25
テスト太郎,25
テスト太郎,25
テスト太郎,25
テスト太郎,25
テスト太郎,25
テスト太郎,25
テスト太郎,25
テスト太郎,25
テスト太郎,25
テスト太郎,25
テスト太郎,25
テスト太郎,25
テスト太郎,25
テスト太郎,25
テスト太郎,25
テスト太郎,25
テスト太郎,25
テスト太郎,25
テスト太郎,25
テスト太郎,25
テスト太郎,25
テスト太郎,25
テスト太郎,25
テスト太郎,25
テスト太郎,25
テスト太郎,25
テスト太郎,25
テスト太郎,25
テスト太郎,25
テスト太郎,25
テスト太郎,25
テスト太郎,25
テスト太郎,25
テスト太郎,25
テスト太郎,25
テスト太郎,25
テスト太郎,25
テスト太郎,25
テスト太郎,25
テスト太郎,25
テスト太郎,25
テスト太郎,25
テスト太郎,25
テスト太郎,25
テスト太郎,25
テスト太郎,25
テスト太郎,25
テスト太郎,25
テスト太郎,25
テスト太郎,25
テスト太郎,25
テスト太郎,25
テスト太郎,25
テスト太郎,25
テスト太郎,25
テスト太郎,25
テスト太郎,25
テスト太郎,25
テスト太郎,25
テスト太郎,25
テスト太郎,25
テスト太郎,25
テスト太郎,25
テスト太郎,25
テスト太郎,25
テスト太郎,25
テスト太郎,25
テスト太郎,25
テスト太郎,25
テスト太郎,25
テスト太郎,25
テスト太郎,25
テスト太郎,25
テスト太郎,25
テスト太郎,25
テスト太郎,25
テスト太郎,25
テスト太郎,25
テスト太郎,25
テスト太郎,25
テスト太郎,25
テスト太郎,25
テスト太郎,25
テスト太郎,25
テスト太郎,25
テスト太郎,25
テスト太郎,25
テスト太郎,25
テスト太郎,25
テスト太郎,25
テスト太郎,25
テスト太郎,25
テスト太郎,25
テスト太郎,25
テスト太郎,25
テスト太郎,25
テスト太郎,25
テスト太郎,25
テスト太郎,25
テスト太郎,25
テスト太郎,25
テスト太郎,25
テスト太郎,25
テスト太郎,25
テスト太郎,25
テスト太郎,25
テスト太郎,25
テスト太郎,25
テスト太郎,25
テスト太郎,25
テスト太郎,25
テスト太郎,25
テスト太郎,25
テスト太郎,25
テスト太郎,25
テスト太郎,25
テスト太郎,25
テスト太郎,25
テスト太郎,25
テスト太郎,25
テスト太郎,25
テスト太郎,25
テスト太郎,25
テスト太郎,25
テスト太郎,25
テスト太郎,25
テスト太郎,25
テスト太郎,25
テスト太郎,25
テスト太郎,25
テスト太郎,25
テスト太郎,25
テスト太郎,25
テスト太郎,25
テスト太郎,25
テスト太郎,25
テスト太郎,25
テスト太郎,25
テスト太郎,25
テスト太郎,25
テスト太郎,25
テスト太郎,25
テスト太郎,25
テスト太郎,25
テスト太郎,25
テスト太郎,25
テスト太郎,25
テスト太郎,25
テスト太郎,25
テスト太郎,25
テスト太郎,25
テスト太郎,25
テスト太郎,25
テスト太郎,25
テスト太郎,25
テスト太郎,25
テスト太郎,25
テスト太郎,25
テスト太郎,25
テスト太郎,25
テスト太郎,25
テスト太郎,25
テスト太郎,25
テスト太郎,25
テスト太郎,25
テスト太郎,25
テスト太郎,25
テスト太郎,25
テスト太郎,25
テスト太郎,25
テスト太郎,25
テスト太郎,25
テスト太郎,25
テスト太郎,25
テスト太郎,25
テスト太郎,25
テスト太郎,25
テスト太郎,25
テスト太郎,25
テスト太郎,25
テスト太郎,25
テスト太郎,25
テスト太郎,25
テスト太郎,25
テスト太郎,25
テスト太郎,25
テスト太郎,25
テスト太郎,25
テスト太郎,25
テスト太郎,25
テスト太郎,25
テスト太郎,25
テスト太郎,25
テスト太郎,25
テスト太郎,25
テスト太郎,25
テスト太郎,25
テスト太郎,25
テスト太郎,25
テスト太郎,25
テスト太郎,25
テスト太郎,25
テスト太郎,25
テスト太郎,25
テスト太郎,25
テスト太郎,25
テスト太郎,25
テスト太郎,25
テスト太郎,25
テスト太郎,25
テスト太郎,25
テスト太郎,25
テスト太郎,25
テスト太郎,25
テスト太郎,25
テスト太郎,25
テスト太郎,25
テスト太郎,25
テスト太郎,25
テスト太郎,25
テスト太郎,25
テスト太郎,25
テスト太郎,25
テスト太郎,25
テスト太郎,25
テスト太郎,25
テスト太郎,25
テスト太郎,25
テスト太郎,25
テスト太郎,25
テスト太郎,25
テスト太郎,25
テスト太郎,25
テスト太郎,25
テスト太郎,25
テスト太郎,25
テスト太郎,25
テスト太郎,25
テスト太郎,25
テスト太郎,25
テスト太郎,25
テスト太郎,25
テスト太郎,25
テスト太郎,25
テスト太郎,25
テスト太郎,25
テスト太郎,25
テスト太郎,25
テスト太郎,25
テスト太郎,25
テスト太郎,25
テスト太郎,25
テスト太郎,25
テスト太郎,25
テスト太郎,25
テスト太郎,25
テスト太郎,25
テスト太郎,25
テスト太郎,25
テスト太郎,25
テスト太郎,25
テスト太郎,25
テスト太郎,25
テスト太郎,25
テスト太郎,25
テスト太郎,25
テスト太郎,25
テスト太郎,25
テスト太郎,25
テスト太郎,25
テスト太郎,25
テスト太郎,25
テスト太郎,25
テスト太郎,25
テスト太郎,25
テスト太郎,25
テスト太郎,25
テスト太郎,25
テスト太郎,25
テスト太郎,25
テスト太郎,25
テスト太郎,25
テスト太郎,25
テスト太郎,25
テスト太郎,25
テスト太郎,25
テスト太郎,25
テスト太郎,25
テスト太郎,25
テスト太郎,25
テスト太郎,25
テスト太郎,25
テスト太郎,25
テスト太郎,25
テスト太郎,25
テスト太郎,25
テスト太郎,25
テスト太郎,25
テスト太郎,25
テスト太郎,25
テスト太郎,25
テスト太郎,25
テスト太郎,25
テスト太郎,25
テスト太郎,25
テスト太郎,25
テスト太郎,25
テスト太郎,25
テスト太郎,25
テスト太郎,25
テスト太郎,25
テスト太郎,25
テスト太郎,25
テスト太郎,25
テスト太郎,25
テスト太郎,25
テスト太郎,25
テスト太郎,25
テスト太郎,25
テスト太郎,25
テスト太郎,25
テスト太郎,25
テスト太郎,25
テスト太郎,25
テスト太郎,25
テスト太郎,25
テスト太郎,25
テスト太郎,25
テスト太郎,25
テスト太郎,25
テスト太郎,25
テスト太郎,25
テスト太郎,25
テスト太郎,25
テスト太郎,25
テスト太郎,25
テスト太郎,25
テスト太郎,25
テスト太郎,25
テスト太郎,25
テスト太郎,25
テスト太郎,25
テスト太郎,25
テスト太郎,25
テスト太郎,25
テスト太郎,25
テスト太郎,25
テスト太郎,25
テスト太郎,25
